model,metric,value_estimate,value_truth,absolute_error,seed,method,target,dataset
resnet18_28_1,accuracy,0.8584304045087087,0.8333333333333334,0.025097071175375296,0,ssme,heldout,PneumoniaMNIST_infer
resnet18_28_1,auc,0.9732510134123891,0.9498106060606061,0.023440407351782988,0,ssme,heldout,PneumoniaMNIST_infer
resnet18_28_1,auprc,0.9849967239170774,0.9605337360557211,0.024462987861356256,0,ssme,heldout,PneumoniaMNIST_infer
resnet18_28_1,ece,0.14130839231366768,0.16955193078576805,0.02824353847210037,0,ssme,heldout,PneumoniaMNIST_infer
autokeras_1,accuracy,0.9060442865157216,0.8872549019607843,0.018789384554937283,0,ssme,heldout,PneumoniaMNIST_infer
autokeras_1,auc,0.9735216832831786,0.947337962962963,0.026183720320215542,0,ssme,heldout,PneumoniaMNIST_infer
autokeras_1,auprc,0.9842172975074996,0.9641559112773349,0.020061386230164735,0,ssme,heldout,PneumoniaMNIST_infer
autokeras_1,ece,0.0733898924918927,0.08567513180583741,0.012285239313944707,0,ssme,heldout,PneumoniaMNIST_infer
autokeras_2,accuracy,0.912905935312961,0.8872549019607843,0.025651033352176777,0,ssme,heldout,PneumoniaMNIST_infer
autokeras_2,auc,0.9826350356820842,0.962226430976431,0.0204086047056532,0,ssme,heldout,PneumoniaMNIST_infer
autokeras_2,auprc,0.9911031289444376,0.9783540122157788,0.01274911672865886,0,ssme,heldout,PneumoniaMNIST_infer
autokeras_2,ece,0.07025701354874053,0.08483587482735194,0.01457886127861141,0,ssme,heldout,PneumoniaMNIST_infer
autokeras_3,accuracy,0.8874275806014634,0.8480392156862745,0.039388364915188934,0,ssme,heldout,PneumoniaMNIST_infer
autokeras_3,auc,0.9740020489323146,0.9458122895622896,0.02818975937002499,0,ssme,heldout,PneumoniaMNIST_infer
autokeras_3,auprc,0.9844105647490184,0.9644712762638331,0.019939288485185336,0,ssme,heldout,PneumoniaMNIST_infer
autokeras_3,ece,0.10995286933576773,0.137713160436353,0.027760291100585283,0,ssme,heldout,PneumoniaMNIST_infer
automl_vision_1,accuracy,0.9320125250750405,0.9509803921568627,0.018967867081822187,0,ssme,heldout,PneumoniaMNIST_infer
automl_vision_1,auc,0.9848356293166534,0.994212962962963,0.00937733364630966,0,ssme,heldout,PneumoniaMNIST_infer
automl_vision_1,auprc,0.9910845252722288,0.996725384489124,0.0056408592168951666,0,ssme,heldout,PneumoniaMNIST_infer
automl_vision_1,ece,0.06454967352907573,0.07120338356231942,0.006653710033243693,0,ssme,heldout,PneumoniaMNIST_infer
automl_vision_2,accuracy,0.9356485817639442,0.9509803921568627,0.015331810392918532,0,ssme,heldout,PneumoniaMNIST_infer
automl_vision_2,auc,0.9840794955664777,0.9887941919191918,0.004714696352714154,0,ssme,heldout,PneumoniaMNIST_infer
automl_vision_2,auprc,0.9903095956239187,0.9920206328940977,0.0017110372701789611,0,ssme,heldout,PneumoniaMNIST_infer
automl_vision_2,ece,0.035597287739039724,0.040618994291506574,0.005021706552466851,0,ssme,heldout,PneumoniaMNIST_infer
automl_vision_3,accuracy,0.9463193056342097,0.9509803921568627,0.004661086522652957,0,ssme,heldout,PneumoniaMNIST_infer
automl_vision_3,auc,0.9852391439066,0.9854271885521886,0.00018804464558863643,0,ssme,heldout,PneumoniaMNIST_infer
automl_vision_3,auprc,0.9912827542564302,0.9914471408865779,0.00016438663014772814,0,ssme,heldout,PneumoniaMNIST_infer
automl_vision_3,ece,0.034847855247677764,0.04240640929565411,0.007558554047976347,0,ssme,heldout,PneumoniaMNIST_infer
resnet18_28_1,accuracy,0.95,0.8333333333333334,0.11666666666666659,0,labeled_only,heldout,PneumoniaMNIST_infer
resnet18_28_1,auc,1.0,0.9498106060606061,0.05018939393939392,0,labeled_only,heldout,PneumoniaMNIST_infer
resnet18_28_1,auprc,1.0,0.9605337360557211,0.03946626394427888,0,labeled_only,heldout,PneumoniaMNIST_infer
resnet18_28_1,ece,0.055736007913947144,0.16955193078576805,0.11381592287182091,0,labeled_only,heldout,PneumoniaMNIST_infer
autokeras_1,accuracy,0.95,0.8872549019607843,0.06274509803921569,0,labeled_only,heldout,PneumoniaMNIST_infer
autokeras_1,auc,0.9803921568627452,0.947337962962963,0.03305419389978215,0,labeled_only,heldout,PneumoniaMNIST_infer
autokeras_1,auprc,0.9967320261437909,0.9641559112773349,0.03257611486645595,0,labeled_only,heldout,PneumoniaMNIST_infer
autokeras_1,ece,0.04669852642005562,0.08567513180583741,0.03897660538578179,0,labeled_only,heldout,PneumoniaMNIST_infer
autokeras_2,accuracy,0.95,0.8872549019607843,0.06274509803921569,0,labeled_only,heldout,PneumoniaMNIST_infer
autokeras_2,auc,1.0,0.962226430976431,0.03777356902356899,0,labeled_only,heldout,PneumoniaMNIST_infer
autokeras_2,auprc,1.0,0.9783540122157788,0.02164598778422122,0,labeled_only,heldout,PneumoniaMNIST_infer
autokeras_2,ece,0.051099810998713815,0.08483587482735194,0.03373606382863813,0,labeled_only,heldout,PneumoniaMNIST_infer
autokeras_3,accuracy,0.95,0.8480392156862745,0.10196078431372546,0,labeled_only,heldout,PneumoniaMNIST_infer
autokeras_3,auc,0.9607843137254902,0.9458122895622896,0.014972024163200648,0,labeled_only,heldout,PneumoniaMNIST_infer
autokeras_3,auprc,0.9932718185313341,0.9644712762638331,0.02880054226750095,0,labeled_only,heldout,PneumoniaMNIST_infer
autokeras_3,ece,0.04965560370929934,0.137713160436353,0.08805755672705368,0,labeled_only,heldout,PneumoniaMNIST_infer
automl_vision_1,accuracy,1.0,0.9509803921568627,0.0490196078431373,0,labeled_only,heldout,PneumoniaMNIST_infer
automl_vision_1,auc,1.0,0.994212962962963,0.0057870370370369795,0,labeled_only,heldout,PneumoniaMNIST_infer
automl_vision_1,auprc,1.0,0.996725384489124,0.0032746155108760444,0,labeled_only,heldout,PneumoniaMNIST_infer
automl_vision_1,ece,0.0525490179657936,0.07120338356231942,0.01865436559652582,0,labeled_only,heldout,PneumoniaMNIST_infer
automl_vision_2,accuracy,1.0,0.9509803921568627,0.0490196078431373,0,labeled_only,heldout,PneumoniaMNIST_infer
automl_vision_2,auc,1.0,0.9887941919191918,0.011205808080808177,0,labeled_only,heldout,PneumoniaMNIST_infer
automl_vision_2,auprc,1.0,0.9920206328940977,0.007979367105902302,0,labeled_only,heldout,PneumoniaMNIST_infer
automl_vision_2,ece,0.01490196064114574,0.040618994291506574,0.025717033650360835,0,labeled_only,heldout,PneumoniaMNIST_infer
automl_vision_3,accuracy,1.0,0.9509803921568627,0.0490196078431373,0,labeled_only,heldout,PneumoniaMNIST_infer
automl_vision_3,auc,1.0,0.9854271885521886,0.014572811447811418,0,labeled_only,heldout,PneumoniaMNIST_infer
automl_vision_3,auprc,1.0,0.9914471408865779,0.008552859113422073,0,labeled_only,heldout,PneumoniaMNIST_infer
automl_vision_3,ece,0.004117996976374055,0.04240640929565411,0.038288412319280055,0,labeled_only,heldout,PneumoniaMNIST_infer
resnet18_28_1,accuracy,0.8584304045087087,0.8333333333333334,0.025097071175375296,0,ssme,estimation_pool,PneumoniaMNIST_infer
resnet18_28_1,auc,0.9732510134123891,0.9482605991003924,0.024990414311996667,0,ssme,estimation_pool,PneumoniaMNIST_infer
resnet18_28_1,auprc,0.9849967239170774,0.9567543516144263,0.02824237230265103,0,ssme,estimation_pool,PneumoniaMNIST_infer
resnet18_28_1,ece,0.14130839231366768,0.17188304141877636,0.03057464910510868,0,ssme,estimation_pool,PneumoniaMNIST_infer
autokeras_1,accuracy,0.9060442865157216,0.8809523809523809,0.025091905563340622,0,ssme,estimation_pool,PneumoniaMNIST_infer
autokeras_1,auc,0.9735216832831786,0.9367044693272084,0.03681721395597015,0,ssme,estimation_pool,PneumoniaMNIST_infer
autokeras_1,auprc,0.9842172975074996,0.9318266635663522,0.0523906339411474,0,ssme,estimation_pool,PneumoniaMNIST_infer
autokeras_1,ece,0.0733898924918927,0.09987610157346366,0.026486209081570955,0,ssme,estimation_pool,PneumoniaMNIST_infer
autokeras_2,accuracy,0.912905935312961,0.8928571428571429,0.020048792455818143,0,ssme,estimation_pool,PneumoniaMNIST_infer
autokeras_2,auc,0.9826350356820842,0.9633816633170638,0.01925337236502045,0,ssme,estimation_pool,PneumoniaMNIST_infer
autokeras_2,auprc,0.9911031289444376,0.9692335326400175,0.02186959630442009,0,ssme,estimation_pool,PneumoniaMNIST_infer
autokeras_2,ece,0.07025701354874053,0.09703900210370489,0.02678198855496436,0,ssme,estimation_pool,PneumoniaMNIST_infer
autokeras_3,accuracy,0.8874275806014634,0.861904761904762,0.025522818696701477,0,ssme,estimation_pool,PneumoniaMNIST_infer
autokeras_3,auc,0.9740020489323146,0.9372547612211695,0.036747287711145105,0,ssme,estimation_pool,PneumoniaMNIST_infer
autokeras_3,auprc,0.9844105647490184,0.9351959215034782,0.04921464324554026,0,ssme,estimation_pool,PneumoniaMNIST_infer
autokeras_3,ece,0.10995286933576773,0.1387723270988619,0.028819457763094164,0,ssme,estimation_pool,PneumoniaMNIST_infer
automl_vision_1,accuracy,0.9320125250750405,0.930952380952381,0.0010601441226595343,0,ssme,estimation_pool,PneumoniaMNIST_infer
automl_vision_1,auc,0.9848356293166534,0.9918891759977031,0.007053546681049738,0,ssme,estimation_pool,PneumoniaMNIST_infer
automl_vision_1,auprc,0.9910845252722288,0.9937351604061527,0.00265063513392394,0,ssme,estimation_pool,PneumoniaMNIST_infer
automl_vision_1,ece,0.06454967352907573,0.0841643328911492,0.019614659362073475,0,ssme,estimation_pool,PneumoniaMNIST_infer
automl_vision_2,accuracy,0.9356485817639442,0.9380952380952381,0.0024466563312939282,0,ssme,estimation_pool,PneumoniaMNIST_infer
automl_vision_2,auc,0.9840794955664777,0.9933964972724663,0.009317001705988592,0,ssme,estimation_pool,PneumoniaMNIST_infer
automl_vision_2,auprc,0.9903095956239187,0.9940622256851153,0.003752630061196527,0,ssme,estimation_pool,PneumoniaMNIST_infer
automl_vision_2,ece,0.035597287739039724,0.06243696933606585,0.026839681597026127,0,ssme,estimation_pool,PneumoniaMNIST_infer
automl_vision_3,accuracy,0.9463193056342097,0.9452380952380952,0.0010812103961145292,0,ssme,estimation_pool,PneumoniaMNIST_infer
automl_vision_3,auc,0.9852391439066,0.9905134462628004,0.005274302356200411,0,ssme,estimation_pool,PneumoniaMNIST_infer
automl_vision_3,auprc,0.9912827542564302,0.9912961458680563,1.3391611626056843e-05,0,ssme,estimation_pool,PneumoniaMNIST_infer
automl_vision_3,ece,0.034847855247677764,0.042530108459022505,0.00768225321134474,0,ssme,estimation_pool,PneumoniaMNIST_infer
resnet18_28_1,accuracy,0.95,0.8333333333333334,0.11666666666666659,0,labeled_only,estimation_pool,PneumoniaMNIST_infer
resnet18_28_1,auc,1.0,0.9482605991003924,0.0517394008996076,0,labeled_only,estimation_pool,PneumoniaMNIST_infer
resnet18_28_1,auprc,1.0,0.9567543516144263,0.043245648385573654,0,labeled_only,estimation_pool,PneumoniaMNIST_infer
resnet18_28_1,ece,0.055736007913947144,0.17188304141877636,0.11614703350482922,0,labeled_only,estimation_pool,PneumoniaMNIST_infer
autokeras_1,accuracy,0.95,0.8809523809523809,0.06904761904761902,0,labeled_only,estimation_pool,PneumoniaMNIST_infer
autokeras_1,auc,0.9803921568627452,0.9367044693272084,0.04368768753553676,0,labeled_only,estimation_pool,PneumoniaMNIST_infer
autokeras_1,auprc,0.9967320261437909,0.9318266635663522,0.06490536257743862,0,labeled_only,estimation_pool,PneumoniaMNIST_infer
autokeras_1,ece,0.04669852642005562,0.09987610157346366,0.05317757515340804,0,labeled_only,estimation_pool,PneumoniaMNIST_infer
autokeras_2,accuracy,0.95,0.8928571428571429,0.05714285714285705,0,labeled_only,estimation_pool,PneumoniaMNIST_infer
autokeras_2,auc,1.0,0.9633816633170638,0.03661833668293624,0,labeled_only,estimation_pool,PneumoniaMNIST_infer
autokeras_2,auprc,1.0,0.9692335326400175,0.030766467359982452,0,labeled_only,estimation_pool,PneumoniaMNIST_infer
autokeras_2,ece,0.051099810998713815,0.09703900210370489,0.045939191104991076,0,labeled_only,estimation_pool,PneumoniaMNIST_infer
autokeras_3,accuracy,0.95,0.861904761904762,0.088095238095238,0,labeled_only,estimation_pool,PneumoniaMNIST_infer
autokeras_3,auc,0.9607843137254902,0.9372547612211695,0.02352955250432076,0,labeled_only,estimation_pool,PneumoniaMNIST_infer
autokeras_3,auprc,0.9932718185313341,0.9351959215034782,0.05807589702785587,0,labeled_only,estimation_pool,PneumoniaMNIST_infer
autokeras_3,ece,0.04965560370929934,0.1387723270988619,0.08911672338956256,0,labeled_only,estimation_pool,PneumoniaMNIST_infer
automl_vision_1,accuracy,1.0,0.930952380952381,0.06904761904761902,0,labeled_only,estimation_pool,PneumoniaMNIST_infer
automl_vision_1,auc,1.0,0.9918891759977031,0.008110824002296901,0,labeled_only,estimation_pool,PneumoniaMNIST_infer
automl_vision_1,auprc,1.0,0.9937351604061527,0.006264839593847271,0,labeled_only,estimation_pool,PneumoniaMNIST_infer
automl_vision_1,ece,0.0525490179657936,0.0841643328911492,0.0316153149253556,0,labeled_only,estimation_pool,PneumoniaMNIST_infer
automl_vision_2,accuracy,1.0,0.9380952380952381,0.06190476190476191,0,labeled_only,estimation_pool,PneumoniaMNIST_infer
automl_vision_2,auc,1.0,0.9933964972724663,0.006603502727533739,0,labeled_only,estimation_pool,PneumoniaMNIST_infer
automl_vision_2,auprc,1.0,0.9940622256851153,0.005937774314884736,0,labeled_only,estimation_pool,PneumoniaMNIST_infer
automl_vision_2,ece,0.01490196064114574,0.06243696933606585,0.04753500869492011,0,labeled_only,estimation_pool,PneumoniaMNIST_infer
automl_vision_3,accuracy,1.0,0.9452380952380952,0.05476190476190479,0,labeled_only,estimation_pool,PneumoniaMNIST_infer
automl_vision_3,auc,1.0,0.9905134462628004,0.009486553737199643,0,labeled_only,estimation_pool,PneumoniaMNIST_infer
automl_vision_3,auprc,1.0,0.9912961458680563,0.008703854131943745,0,labeled_only,estimation_pool,PneumoniaMNIST_infer
automl_vision_3,ece,0.004117996976374055,0.042530108459022505,0.03841211148264845,0,labeled_only,estimation_pool,PneumoniaMNIST_infer
resnet18_28_1,accuracy,0.8643283812626109,0.8235294117647058,0.04079896949790507,1,ssme,heldout,PneumoniaMNIST_infer
resnet18_28_1,auc,0.9799861515764923,0.9587301587301587,0.021255992846333616,1,ssme,heldout,PneumoniaMNIST_infer
resnet18_28_1,auprc,0.989932197729257,0.9685389668654606,0.02139323086379641,1,ssme,heldout,PneumoniaMNIST_infer
resnet18_28_1,ece,0.14190446027119547,0.17429419100071572,0.032389730729520255,1,ssme,heldout,PneumoniaMNIST_infer
autokeras_1,accuracy,0.9148649970088508,0.8970588235294118,0.017806173479439025,1,ssme,heldout,PneumoniaMNIST_infer
autokeras_1,auc,0.980391357114546,0.9542162698412698,0.02617508727327611,1,ssme,heldout,PneumoniaMNIST_infer
autokeras_1,auprc,0.9891846539806123,0.959768448656864,0.029416205323748335,1,ssme,heldout,PneumoniaMNIST_infer
autokeras_1,ece,0.06984818918054168,0.08500465524761176,0.015156466067070079,1,ssme,heldout,PneumoniaMNIST_infer
autokeras_2,accuracy,0.9191058841388018,0.9068627450980392,0.012243139040762574,1,ssme,heldout,PneumoniaMNIST_infer
autokeras_2,auc,0.9886680561071937,0.973015873015873,0.01565218309132066,1,ssme,heldout,PneumoniaMNIST_infer
autokeras_2,auprc,0.9944430132256395,0.9800401868888389,0.014402826336800678,1,ssme,heldout,PneumoniaMNIST_infer
autokeras_2,ece,0.0687838923677816,0.08454254989112309,0.01575865752334149,1,ssme,heldout,PneumoniaMNIST_infer
autokeras_3,accuracy,0.8902361845012337,0.8627450980392157,0.027491086462017922,1,ssme,heldout,PneumoniaMNIST_infer
autokeras_3,auc,0.9805184783595488,0.9530257936507935,0.02749268470875521,1,ssme,heldout,PneumoniaMNIST_infer
autokeras_3,auprc,0.9894690737936789,0.9589286193165136,0.030540454477165246,1,ssme,heldout,PneumoniaMNIST_infer
autokeras_3,ece,0.1126527407886204,0.13414951952338622,0.021496778734765812,1,ssme,heldout,PneumoniaMNIST_infer
automl_vision_1,accuracy,0.9429316792059984,0.9313725490196079,0.011559130186390543,1,ssme,heldout,PneumoniaMNIST_infer
automl_vision_1,auc,0.9872802077614149,0.9948412698412699,0.007561062079854963,1,ssme,heldout,PneumoniaMNIST_infer
automl_vision_1,auprc,0.992982734881065,0.996317295496113,0.003334560615047999,1,ssme,heldout,PneumoniaMNIST_infer
automl_vision_1,ece,0.05840625605590289,0.09282968134856696,0.034423425292664074,1,ssme,heldout,PneumoniaMNIST_infer
automl_vision_2,accuracy,0.9395548425164256,0.9558823529411765,0.01632751042475089,1,ssme,heldout,PneumoniaMNIST_infer
automl_vision_2,auc,0.9863156484369544,0.9965277777777777,0.010212129340823273,1,ssme,heldout,PneumoniaMNIST_infer
automl_vision_2,auprc,0.9924678846050776,0.9971721690819088,0.004704284476831133,1,ssme,heldout,PneumoniaMNIST_infer
automl_vision_2,ece,0.03376928155066969,0.05674740138088487,0.02297811983021518,1,ssme,heldout,PneumoniaMNIST_infer
automl_vision_3,accuracy,0.9534724214776104,0.9509803921568627,0.0024920293207476574,1,ssme,heldout,PneumoniaMNIST_infer
automl_vision_3,auc,0.988056099933992,0.9936507936507937,0.0055946937168016575,1,ssme,heldout,PneumoniaMNIST_infer
automl_vision_3,auprc,0.9935353296130084,0.9941459542227866,0.000610624609778232,1,ssme,heldout,PneumoniaMNIST_infer
automl_vision_3,ece,0.03020374253592335,0.0447902894482744,0.014586546912351051,1,ssme,heldout,PneumoniaMNIST_infer
resnet18_28_1,accuracy,0.85,0.8235294117647058,0.026470588235294135,1,labeled_only,heldout,PneumoniaMNIST_infer
resnet18_28_1,auc,0.9761904761904763,0.9587301587301587,0.01746031746031762,1,labeled_only,heldout,PneumoniaMNIST_infer
resnet18_28_1,auprc,0.9910714285714285,0.9685389668654606,0.0225324617059679,1,labeled_only,heldout,PneumoniaMNIST_infer
resnet18_28_1,ece,0.17154069888676401,0.17429419100071572,0.0027534921139517055,1,labeled_only,heldout,PneumoniaMNIST_infer
autokeras_1,accuracy,0.9,0.8970588235294118,0.002941176470588225,1,labeled_only,heldout,PneumoniaMNIST_infer
autokeras_1,auc,1.0,0.9542162698412698,0.04578373015873016,1,labeled_only,heldout,PneumoniaMNIST_infer
autokeras_1,auprc,1.0,0.959768448656864,0.04023155134313605,1,labeled_only,heldout,PneumoniaMNIST_infer
autokeras_1,ece,0.07791580479748773,0.08500465524761176,0.007088850450124029,1,labeled_only,heldout,PneumoniaMNIST_infer
autokeras_2,accuracy,0.95,0.9068627450980392,0.04313725490196074,1,labeled_only,heldout,PneumoniaMNIST_infer
autokeras_2,auc,1.0,0.973015873015873,0.026984126984127,1,labeled_only,heldout,PneumoniaMNIST_infer
autokeras_2,auprc,1.0,0.9800401868888389,0.01995981311116113,1,labeled_only,heldout,PneumoniaMNIST_infer
autokeras_2,ece,0.04085926304421232,0.08454254989112309,0.043683286846910765,1,labeled_only,heldout,PneumoniaMNIST_infer
autokeras_3,accuracy,0.9,0.8627450980392157,0.03725490196078429,1,labeled_only,heldout,PneumoniaMNIST_infer
autokeras_3,auc,1.0,0.9530257936507935,0.04697420634920646,1,labeled_only,heldout,PneumoniaMNIST_infer
autokeras_3,auprc,0.9999999999999999,0.9589286193165136,0.04107138068348626,1,labeled_only,heldout,PneumoniaMNIST_infer
autokeras_3,ece,0.1132804087227731,0.13414951952338622,0.020869110800613114,1,labeled_only,heldout,PneumoniaMNIST_infer
automl_vision_1,accuracy,1.0,0.9313725490196079,0.06862745098039214,1,labeled_only,heldout,PneumoniaMNIST_infer
automl_vision_1,auc,1.0,0.9948412698412699,0.00515873015873014,1,labeled_only,heldout,PneumoniaMNIST_infer
automl_vision_1,auprc,1.0,0.996317295496113,0.003682704503886969,1,labeled_only,heldout,PneumoniaMNIST_infer
automl_vision_1,ece,0.05686274375766516,0.09282968134856696,0.035966937590901804,1,labeled_only,heldout,PneumoniaMNIST_infer
automl_vision_2,accuracy,0.95,0.9558823529411765,0.005882352941176561,1,labeled_only,heldout,PneumoniaMNIST_infer
automl_vision_2,auc,1.0,0.9965277777777777,0.003472222222222321,1,labeled_only,heldout,PneumoniaMNIST_infer
automl_vision_2,auprc,1.0,0.9971721690819088,0.0028278309180912453,1,labeled_only,heldout,PneumoniaMNIST_infer
automl_vision_2,ece,0.06254902034997942,0.05674740138088487,0.005801618969094549,1,labeled_only,heldout,PneumoniaMNIST_infer
automl_vision_3,accuracy,1.0,0.9509803921568627,0.0490196078431373,1,labeled_only,heldout,PneumoniaMNIST_infer
automl_vision_3,auc,1.0,0.9936507936507937,0.006349206349206327,1,labeled_only,heldout,PneumoniaMNIST_infer
automl_vision_3,auprc,1.0,0.9941459542227866,0.005854045777213379,1,labeled_only,heldout,PneumoniaMNIST_infer
automl_vision_3,ece,0.011961134555412799,0.0447902894482744,0.0328291548928616,1,labeled_only,heldout,PneumoniaMNIST_infer
resnet18_28_1,accuracy,0.8643283812626109,0.8380952380952381,0.026233143167372797,1,ssme,estimation_pool,PneumoniaMNIST_infer
resnet18_28_1,auc,0.9799861515764923,0.9419506172839505,0.038035534292541806,1,ssme,estimation_pool,PneumoniaMNIST_infer
resnet18_28_1,auprc,0.989932197729257,0.951830203456489,0.03810199427276795,1,ssme,estimation_pool,PneumoniaMNIST_infer
resnet18_28_1,ece,0.14190446027119547,0.16984893428620895,0.027944474015013487,1,ssme,estimation_pool,PneumoniaMNIST_infer
autokeras_1,accuracy,0.9148649970088508,0.8761904761904762,0.038674520818374636,1,ssme,estimation_pool,PneumoniaMNIST_infer
autokeras_1,auc,0.980391357114546,0.9311481481481481,0.04924320896639789,1,ssme,estimation_pool,PneumoniaMNIST_infer
autokeras_1,auprc,0.9891846539806123,0.9320881849498809,0.0570964690307314,1,ssme,estimation_pool,PneumoniaMNIST_infer
autokeras_1,ece,0.06984818918054168,0.09742064067995448,0.0275724514994128,1,ssme,estimation_pool,PneumoniaMNIST_infer
autokeras_2,accuracy,0.9191058841388018,0.8833333333333333,0.035772550805468484,1,ssme,estimation_pool,PneumoniaMNIST_infer
autokeras_2,auc,0.9886680561071937,0.9574320987654321,0.031235957341761544,1,ssme,estimation_pool,PneumoniaMNIST_infer
autokeras_2,auprc,0.9944430132256395,0.9688008526406616,0.025642160584977924,1,ssme,estimation_pool,PneumoniaMNIST_infer
autokeras_2,ece,0.0687838923677816,0.09699632364585137,0.02821243127806977,1,ssme,estimation_pool,PneumoniaMNIST_infer
autokeras_3,accuracy,0.8902361845012337,0.8547619047619047,0.03547427973932893,1,ssme,estimation_pool,PneumoniaMNIST_infer
autokeras_3,auc,0.9805184783595488,0.9321851851851852,0.04833329317436352,1,ssme,estimation_pool,PneumoniaMNIST_infer
autokeras_3,auprc,0.9894690737936789,0.9352971438043136,0.054171929989365264,1,ssme,estimation_pool,PneumoniaMNIST_infer
autokeras_3,ece,0.1126527407886204,0.14050323839944584,0.027850497610825434,1,ssme,estimation_pool,PneumoniaMNIST_infer
automl_vision_1,accuracy,0.9429316792059984,0.9404761904761905,0.002455488729807942,1,ssme,estimation_pool,PneumoniaMNIST_infer
automl_vision_1,auc,0.9872802077614149,0.9916049382716049,0.00432473051019,1,ssme,estimation_pool,PneumoniaMNIST_infer
automl_vision_1,auprc,0.992982734881065,0.9942404883605649,0.0012577534794998568,1,ssme,estimation_pool,PneumoniaMNIST_infer
automl_vision_1,ece,0.05840625605590289,0.07323062599947053,0.014824369943567638,1,ssme,estimation_pool,PneumoniaMNIST_infer
automl_vision_2,accuracy,0.9395548425164256,0.9357142857142857,0.003840556802139905,1,ssme,estimation_pool,PneumoniaMNIST_infer
automl_vision_2,auc,0.9863156484369544,0.9893086419753087,0.0029929935383542494,1,ssme,estimation_pool,PneumoniaMNIST_infer
automl_vision_2,auprc,0.9924678846050776,0.9918463353418866,0.0006215492631910235,1,ssme,estimation_pool,PneumoniaMNIST_infer
automl_vision_2,ece,0.03376928155066969,0.05178337711955367,0.018014095568883982,1,ssme,estimation_pool,PneumoniaMNIST_infer
automl_vision_3,accuracy,0.9534724214776104,0.9452380952380952,0.008234326239515144,1,ssme,estimation_pool,PneumoniaMNIST_infer
automl_vision_3,auc,0.988056099933992,0.9865802469135802,0.0014758530204118658,1,ssme,estimation_pool,PneumoniaMNIST_infer
automl_vision_3,auprc,0.9935353296130084,0.9904632056360252,0.0030721239769831987,1,ssme,estimation_pool,PneumoniaMNIST_infer
automl_vision_3,ece,0.03020374253592335,0.038365644821935496,0.008161902286012147,1,ssme,estimation_pool,PneumoniaMNIST_infer
resnet18_28_1,accuracy,0.85,0.8380952380952381,0.011904761904761862,1,labeled_only,estimation_pool,PneumoniaMNIST_infer
resnet18_28_1,auc,0.9761904761904763,0.9419506172839505,0.03423985890652581,1,labeled_only,estimation_pool,PneumoniaMNIST_infer
resnet18_28_1,auprc,0.9910714285714285,0.951830203456489,0.03924122511493944,1,labeled_only,estimation_pool,PneumoniaMNIST_infer
resnet18_28_1,ece,0.17154069888676401,0.16984893428620895,0.0016917646005550624,1,labeled_only,estimation_pool,PneumoniaMNIST_infer
autokeras_1,accuracy,0.9,0.8761904761904762,0.023809523809523836,1,labeled_only,estimation_pool,PneumoniaMNIST_infer
autokeras_1,auc,1.0,0.9311481481481481,0.06885185185185194,1,labeled_only,estimation_pool,PneumoniaMNIST_infer
autokeras_1,auprc,1.0,0.9320881849498809,0.06791181505011912,1,labeled_only,estimation_pool,PneumoniaMNIST_infer
autokeras_1,ece,0.07791580479748773,0.09742064067995448,0.01950483588246675,1,labeled_only,estimation_pool,PneumoniaMNIST_infer
autokeras_2,accuracy,0.95,0.8833333333333333,0.06666666666666665,1,labeled_only,estimation_pool,PneumoniaMNIST_infer
autokeras_2,auc,1.0,0.9574320987654321,0.042567901234567884,1,labeled_only,estimation_pool,PneumoniaMNIST_infer
autokeras_2,auprc,1.0,0.9688008526406616,0.031199147359338375,1,labeled_only,estimation_pool,PneumoniaMNIST_infer
autokeras_2,ece,0.04085926304421232,0.09699632364585137,0.05613706060163905,1,labeled_only,estimation_pool,PneumoniaMNIST_infer
autokeras_3,accuracy,0.9,0.8547619047619047,0.0452380952380953,1,labeled_only,estimation_pool,PneumoniaMNIST_infer
autokeras_3,auc,1.0,0.9321851851851852,0.06781481481481477,1,labeled_only,estimation_pool,PneumoniaMNIST_infer
autokeras_3,auprc,0.9999999999999999,0.9352971438043136,0.06470285619568628,1,labeled_only,estimation_pool,PneumoniaMNIST_infer
autokeras_3,ece,0.1132804087227731,0.14050323839944584,0.027222829676672736,1,labeled_only,estimation_pool,PneumoniaMNIST_infer
automl_vision_1,accuracy,1.0,0.9404761904761905,0.059523809523809534,1,labeled_only,estimation_pool,PneumoniaMNIST_infer
automl_vision_1,auc,1.0,0.9916049382716049,0.008395061728395103,1,labeled_only,estimation_pool,PneumoniaMNIST_infer
automl_vision_1,auprc,1.0,0.9942404883605649,0.005759511639435111,1,labeled_only,estimation_pool,PneumoniaMNIST_infer
automl_vision_1,ece,0.05686274375766516,0.07323062599947053,0.016367882241805368,1,labeled_only,estimation_pool,PneumoniaMNIST_infer
automl_vision_2,accuracy,0.95,0.9357142857142857,0.014285714285714235,1,labeled_only,estimation_pool,PneumoniaMNIST_infer
automl_vision_2,auc,1.0,0.9893086419753087,0.010691358024691344,1,labeled_only,estimation_pool,PneumoniaMNIST_infer
automl_vision_2,auprc,1.0,0.9918463353418866,0.008153664658113402,1,labeled_only,estimation_pool,PneumoniaMNIST_infer
automl_vision_2,ece,0.06254902034997942,0.05178337711955367,0.010765643230425746,1,labeled_only,estimation_pool,PneumoniaMNIST_infer
automl_vision_3,accuracy,1.0,0.9452380952380952,0.05476190476190479,1,labeled_only,estimation_pool,PneumoniaMNIST_infer
automl_vision_3,auc,1.0,0.9865802469135802,0.01341975308641985,1,labeled_only,estimation_pool,PneumoniaMNIST_infer
automl_vision_3,auprc,1.0,0.9904632056360252,0.00953679436397481,1,labeled_only,estimation_pool,PneumoniaMNIST_infer
automl_vision_3,ece,0.011961134555412799,0.038365644821935496,0.0264045102665227,1,labeled_only,estimation_pool,PneumoniaMNIST_infer
resnet18_28_1,accuracy,0.862798421129286,0.8088235294117647,0.053974891717521234,2,ssme,heldout,PneumoniaMNIST_infer
resnet18_28_1,auc,0.9833519084279044,0.9470711715313874,0.03628073689651701,2,ssme,heldout,PneumoniaMNIST_infer
resnet18_28_1,auprc,0.9913189039641407,0.9594384149076767,0.03188048905646401,2,ssme,heldout,PneumoniaMNIST_infer
resnet18_28_1,ece,0.14274876073848225,0.1944213659874496,0.05167260524896736,2,ssme,heldout,PneumoniaMNIST_infer
autokeras_1,accuracy,0.9210245177152676,0.8578431372549019,0.0631813804603657,2,ssme,heldout,PneumoniaMNIST_infer
autokeras_1,auc,0.9831997449374762,0.9321771291483406,0.051022615789135584,2,ssme,heldout,PneumoniaMNIST_infer
autokeras_1,auprc,0.9903493837678132,0.9420833567384915,0.0482660270293217,2,ssme,heldout,PneumoniaMNIST_infer
autokeras_1,ece,0.0682858422173454,0.11252631852002078,0.04424047630267537,2,ssme,heldout,PneumoniaMNIST_infer
autokeras_2,accuracy,0.9224836328975755,0.8872549019607843,0.03522873093679124,2,ssme,heldout,PneumoniaMNIST_infer
autokeras_2,auc,0.9919179441507667,0.9543182726909236,0.03759967145984311,2,ssme,heldout,PneumoniaMNIST_infer
autokeras_2,auprc,0.9958511125008155,0.9667181764550926,0.029132936045722868,2,ssme,heldout,PneumoniaMNIST_infer
autokeras_2,ece,0.07351430570398589,0.1002684917602177,0.02675418605623181,2,ssme,heldout,PneumoniaMNIST_infer
autokeras_3,accuracy,0.8953317016701812,0.8235294117647058,0.07180228990547532,2,ssme,heldout,PneumoniaMNIST_infer
autokeras_3,auc,0.9843391136943584,0.9343762495001999,0.04996286419415852,2,ssme,heldout,PneumoniaMNIST_infer
autokeras_3,auprc,0.991035204917374,0.9457045723561004,0.045330632561273565,2,ssme,heldout,PneumoniaMNIST_infer
autokeras_3,ece,0.10719782157273476,0.16782558001373304,0.06062775844099828,2,ssme,heldout,PneumoniaMNIST_infer
automl_vision_1,accuracy,0.9425984546967506,0.9215686274509803,0.021029827245770294,2,ssme,heldout,PneumoniaMNIST_infer
automl_vision_1,auc,0.98857361180585,0.9921531387445022,0.0035795269386521555,2,ssme,heldout,PneumoniaMNIST_infer
automl_vision_1,auprc,0.9928738644381917,0.9946907235000032,0.0018168590618115044,2,ssme,heldout,PneumoniaMNIST_infer
automl_vision_1,ece,0.06139225029342229,0.09613610256244152,0.034743852269019236,2,ssme,heldout,PneumoniaMNIST_infer
automl_vision_2,accuracy,0.9515675179096309,0.9117647058823529,0.03980281202727798,2,ssme,heldout,PneumoniaMNIST_infer
automl_vision_2,auc,0.9873645882558446,0.9920031987205118,0.004638610464667181,2,ssme,heldout,PneumoniaMNIST_infer
automl_vision_2,auprc,0.9920963858674553,0.9943146066351732,0.0022182207677179377,2,ssme,heldout,PneumoniaMNIST_infer
automl_vision_2,ece,0.03300121050304892,0.0769511696291712,0.04394995912612228,2,ssme,heldout,PneumoniaMNIST_infer
automl_vision_3,accuracy,0.9540354856359815,0.9509803921568627,0.003055093479118809,2,ssme,heldout,PneumoniaMNIST_infer
automl_vision_3,auc,0.9900551457021628,0.9916033586565374,0.0015482129543745726,2,ssme,heldout,PneumoniaMNIST_infer
automl_vision_3,auprc,0.9940793147710562,0.993047097594338,0.0010322171767181976,2,ssme,heldout,PneumoniaMNIST_infer
automl_vision_3,ece,0.03254205338198831,0.04648192218708108,0.013939868805092771,2,ssme,heldout,PneumoniaMNIST_infer
resnet18_28_1,accuracy,0.75,0.8088235294117647,0.05882352941176472,2,labeled_only,heldout,PneumoniaMNIST_infer
resnet18_28_1,auc,1.0,0.9470711715313874,0.052928828468612577,2,labeled_only,heldout,PneumoniaMNIST_infer
resnet18_28_1,auprc,0.9999999999999999,0.9594384149076767,0.040561585092323216,2,labeled_only,heldout,PneumoniaMNIST_infer
resnet18_28_1,ece,0.24371669545109265,0.1944213659874496,0.04929532946364304,2,labeled_only,heldout,PneumoniaMNIST_infer
autokeras_1,accuracy,0.95,0.8578431372549019,0.09215686274509804,2,labeled_only,heldout,PneumoniaMNIST_infer
autokeras_1,auc,0.9880952380952381,0.9321771291483406,0.05591810894689753,2,labeled_only,heldout,PneumoniaMNIST_infer
autokeras_1,auprc,0.9952380952380953,0.9420833567384915,0.053154738499603726,2,labeled_only,heldout,PneumoniaMNIST_infer
autokeras_1,ece,0.07222459784319407,0.11252631852002078,0.040301720676826705,2,labeled_only,heldout,PneumoniaMNIST_infer
autokeras_2,accuracy,0.95,0.8872549019607843,0.06274509803921569,2,labeled_only,heldout,PneumoniaMNIST_infer
autokeras_2,auc,1.0,0.9543182726909236,0.04568172730907638,2,labeled_only,heldout,PneumoniaMNIST_infer
autokeras_2,auprc,1.0,0.9667181764550926,0.033281823544907385,2,labeled_only,heldout,PneumoniaMNIST_infer
autokeras_2,ece,0.051080573882985585,0.1002684917602177,0.04918791787723211,2,labeled_only,heldout,PneumoniaMNIST_infer
autokeras_3,accuracy,0.95,0.8235294117647058,0.1264705882352941,2,labeled_only,heldout,PneumoniaMNIST_infer
autokeras_3,auc,1.0,0.9343762495001999,0.06562375049980007,2,labeled_only,heldout,PneumoniaMNIST_infer
autokeras_3,auprc,1.0,0.9457045723561004,0.05429542764389961,2,labeled_only,heldout,PneumoniaMNIST_infer
autokeras_3,ece,0.08526114091624173,0.16782558001373304,0.08256443909749131,2,labeled_only,heldout,PneumoniaMNIST_infer
automl_vision_1,accuracy,1.0,0.9215686274509803,0.07843137254901966,2,labeled_only,heldout,PneumoniaMNIST_infer
automl_vision_1,auc,1.0,0.9921531387445022,0.007846861255497828,2,labeled_only,heldout,PneumoniaMNIST_infer
automl_vision_1,auprc,0.9999999999999999,0.9946907235000032,0.005309276499996685,2,labeled_only,heldout,PneumoniaMNIST_infer
automl_vision_1,ece,0.06960784252732992,0.09613610256244152,0.026528260035111606,2,labeled_only,heldout,PneumoniaMNIST_infer
automl_vision_2,accuracy,0.95,0.9117647058823529,0.038235294117647034,2,labeled_only,heldout,PneumoniaMNIST_infer
automl_vision_2,auc,1.0,0.9920031987205118,0.007996801279488208,2,labeled_only,heldout,PneumoniaMNIST_infer
automl_vision_2,auprc,1.0,0.9943146066351732,0.005685393364826763,2,labeled_only,heldout,PneumoniaMNIST_infer
automl_vision_2,ece,0.057843137998133905,0.0769511696291712,0.019108031631037296,2,labeled_only,heldout,PneumoniaMNIST_infer
automl_vision_3,accuracy,1.0,0.9509803921568627,0.0490196078431373,2,labeled_only,heldout,PneumoniaMNIST_infer
automl_vision_3,auc,1.0,0.9916033586565374,0.00839664134346263,2,labeled_only,heldout,PneumoniaMNIST_infer
automl_vision_3,auprc,1.0,0.993047097594338,0.0069529024056620425,2,labeled_only,heldout,PneumoniaMNIST_infer
automl_vision_3,ece,0.009804321403363162,0.04648192218708108,0.03667760078371792,2,labeled_only,heldout,PneumoniaMNIST_infer
resnet18_28_1,accuracy,0.862798421129286,0.8452380952380952,0.01756032589119072,2,ssme,estimation_pool,PneumoniaMNIST_infer
resnet18_28_1,auc,0.9833519084279044,0.9483012568735271,0.035050651554377366,2,ssme,estimation_pool,PneumoniaMNIST_infer
resnet18_28_1,auprc,0.9913189039641407,0.9579851557341431,0.03333374822999757,2,ssme,estimation_pool,PneumoniaMNIST_infer
resnet18_28_1,ece,0.14274876073848225,0.159803601463674,0.017054840725191756,2,ssme,estimation_pool,PneumoniaMNIST_infer
autokeras_1,accuracy,0.9210245177152676,0.8952380952380953,0.025786422477172333,2,ssme,estimation_pool,PneumoniaMNIST_infer
autokeras_1,auc,0.9831997449374762,0.9415381971720346,0.04166154776544162,2,ssme,estimation_pool,PneumoniaMNIST_infer
autokeras_1,auprc,0.9903493837678132,0.9401376132880468,0.05021177047976644,2,ssme,estimation_pool,PneumoniaMNIST_infer
autokeras_1,ece,0.0682858422173454,0.08613964914729798,0.017853806929952573,2,ssme,estimation_pool,PneumoniaMNIST_infer
autokeras_2,accuracy,0.9224836328975755,0.8928571428571429,0.029626490040432607,2,ssme,estimation_pool,PneumoniaMNIST_infer
autokeras_2,auc,0.9919179441507667,0.9662951688923803,0.02562277525838641,2,ssme,estimation_pool,PneumoniaMNIST_infer
autokeras_2,auprc,0.9958511125008155,0.9739739447100823,0.021877167790733232,2,ssme,estimation_pool,PneumoniaMNIST_infer
autokeras_2,ece,0.07351430570398589,0.09015291927297564,0.016638613568989755,2,ssme,estimation_pool,PneumoniaMNIST_infer
autokeras_3,accuracy,0.8953317016701812,0.8738095238095238,0.021522177860657354,2,ssme,estimation_pool,PneumoniaMNIST_infer
autokeras_3,auc,0.9843391136943584,0.9414031814611155,0.04293593223324299,2,ssme,estimation_pool,PneumoniaMNIST_infer
autokeras_3,auprc,0.991035204917374,0.9431735742997119,0.04786163061766202,2,ssme,estimation_pool,PneumoniaMNIST_infer
autokeras_3,ece,0.10719782157273476,0.12414629473270605,0.016948473159971292,2,ssme,estimation_pool,PneumoniaMNIST_infer
automl_vision_1,accuracy,0.9425984546967506,0.9452380952380952,0.002639640541344579,2,ssme,estimation_pool,PneumoniaMNIST_infer
automl_vision_1,auc,0.98857361180585,0.9923900235663786,0.003816411760528604,2,ssme,estimation_pool,PneumoniaMNIST_infer
automl_vision_1,auprc,0.9928738644381917,0.9945782531520982,0.0017043887139065461,2,ssme,estimation_pool,PneumoniaMNIST_infer
automl_vision_1,ece,0.06139225029342229,0.07162464998130283,0.01023239968788054,2,ssme,estimation_pool,PneumoniaMNIST_infer
automl_vision_2,accuracy,0.9515675179096309,0.9571428571428572,0.005575339233226284,2,ssme,estimation_pool,PneumoniaMNIST_infer
automl_vision_2,auc,0.9873645882558446,0.9917149450117831,0.004350356755938534,2,ssme,estimation_pool,PneumoniaMNIST_infer
automl_vision_2,auprc,0.9920963858674553,0.9931341982427357,0.0010378123752804447,2,ssme,estimation_pool,PneumoniaMNIST_infer
automl_vision_2,ece,0.03300121050304892,0.04503267657214948,0.012031466069100563,2,ssme,estimation_pool,PneumoniaMNIST_infer
automl_vision_3,accuracy,0.9540354856359815,0.9452380952380952,0.008797390397886296,2,ssme,estimation_pool,PneumoniaMNIST_infer
automl_vision_3,auc,0.9900551457021628,0.9873085231736057,0.0027466225285570633,2,ssme,estimation_pool,PneumoniaMNIST_infer
automl_vision_3,auprc,0.9940793147710562,0.9907204267410755,0.0033588880299806334,2,ssme,estimation_pool,PneumoniaMNIST_infer
automl_vision_3,ece,0.03254205338198831,0.03972886387157384,0.007186810489585527,2,ssme,estimation_pool,PneumoniaMNIST_infer
resnet18_28_1,accuracy,0.75,0.8452380952380952,0.09523809523809523,2,labeled_only,estimation_pool,PneumoniaMNIST_infer
resnet18_28_1,auc,1.0,0.9483012568735271,0.051698743126472935,2,labeled_only,estimation_pool,PneumoniaMNIST_infer
resnet18_28_1,auprc,0.9999999999999999,0.9579851557341431,0.04201484426585678,2,labeled_only,estimation_pool,PneumoniaMNIST_infer
resnet18_28_1,ece,0.24371669545109265,0.159803601463674,0.08391309398741864,2,labeled_only,estimation_pool,PneumoniaMNIST_infer
autokeras_1,accuracy,0.95,0.8952380952380953,0.05476190476190468,2,labeled_only,estimation_pool,PneumoniaMNIST_infer
autokeras_1,auc,0.9880952380952381,0.9415381971720346,0.04655704092320356,2,labeled_only,estimation_pool,PneumoniaMNIST_infer
autokeras_1,auprc,0.9952380952380953,0.9401376132880468,0.05510048195004846,2,labeled_only,estimation_pool,PneumoniaMNIST_infer
autokeras_1,ece,0.07222459784319407,0.08613964914729798,0.013915051304103906,2,labeled_only,estimation_pool,PneumoniaMNIST_infer
autokeras_2,accuracy,0.95,0.8928571428571429,0.05714285714285705,2,labeled_only,estimation_pool,PneumoniaMNIST_infer
autokeras_2,auc,1.0,0.9662951688923803,0.03370483110761968,2,labeled_only,estimation_pool,PneumoniaMNIST_infer
autokeras_2,auprc,1.0,0.9739739447100823,0.02602605528991775,2,labeled_only,estimation_pool,PneumoniaMNIST_infer
autokeras_2,ece,0.051080573882985585,0.09015291927297564,0.039072345389990056,2,labeled_only,estimation_pool,PneumoniaMNIST_infer
autokeras_3,accuracy,0.95,0.8738095238095238,0.07619047619047614,2,labeled_only,estimation_pool,PneumoniaMNIST_infer
autokeras_3,auc,1.0,0.9414031814611155,0.05859681853888454,2,labeled_only,estimation_pool,PneumoniaMNIST_infer
autokeras_3,auprc,1.0,0.9431735742997119,0.056826425700288064,2,labeled_only,estimation_pool,PneumoniaMNIST_infer
autokeras_3,ece,0.08526114091624173,0.12414629473270605,0.03888515381646432,2,labeled_only,estimation_pool,PneumoniaMNIST_infer
automl_vision_1,accuracy,1.0,0.9452380952380952,0.05476190476190479,2,labeled_only,estimation_pool,PneumoniaMNIST_infer
automl_vision_1,auc,1.0,0.9923900235663786,0.007609976433621379,2,labeled_only,estimation_pool,PneumoniaMNIST_infer
automl_vision_1,auprc,0.9999999999999999,0.9945782531520982,0.005421746847901643,2,labeled_only,estimation_pool,PneumoniaMNIST_infer
automl_vision_1,ece,0.06960784252732992,0.07162464998130283,0.0020168074539729103,2,labeled_only,estimation_pool,PneumoniaMNIST_infer
automl_vision_2,accuracy,0.95,0.9571428571428572,0.0071428571428572285,2,labeled_only,estimation_pool,PneumoniaMNIST_infer
automl_vision_2,auc,1.0,0.9917149450117831,0.008285054988216856,2,labeled_only,estimation_pool,PneumoniaMNIST_infer
automl_vision_2,auprc,1.0,0.9931341982427357,0.006865801757264256,2,labeled_only,estimation_pool,PneumoniaMNIST_infer
automl_vision_2,ece,0.057843137998133905,0.04503267657214948,0.012810461425984424,2,labeled_only,estimation_pool,PneumoniaMNIST_infer
automl_vision_3,accuracy,1.0,0.9452380952380952,0.05476190476190479,2,labeled_only,estimation_pool,PneumoniaMNIST_infer
automl_vision_3,auc,1.0,0.9873085231736057,0.012691476826394266,2,labeled_only,estimation_pool,PneumoniaMNIST_infer
automl_vision_3,auprc,1.0,0.9907204267410755,0.009279573258924478,2,labeled_only,estimation_pool,PneumoniaMNIST_infer
automl_vision_3,ece,0.009804321403363162,0.03972886387157384,0.029924542468210677,2,labeled_only,estimation_pool,PneumoniaMNIST_infer
resnet18_28_1,accuracy,0.8540560575297369,0.8431372549019608,0.010918802627776114,3,ssme,heldout,PneumoniaMNIST_infer
resnet18_28_1,auc,0.9761727980958615,0.9463404605263157,0.02983233756954584,3,ssme,heldout,PneumoniaMNIST_infer
resnet18_28_1,auprc,0.9870977819724689,0.9563155073537308,0.03078227461873806,3,ssme,heldout,PneumoniaMNIST_infer
resnet18_28_1,ece,0.14663798749148324,0.16411834185162344,0.0174803543601402,3,ssme,heldout,PneumoniaMNIST_infer
autokeras_1,accuracy,0.9102627440554633,0.8872549019607843,0.023007842094678987,3,ssme,heldout,PneumoniaMNIST_infer
autokeras_1,auc,0.9735822329464326,0.9516344572368421,0.0219477757095905,3,ssme,heldout,PneumoniaMNIST_infer
autokeras_1,auprc,0.9839422465388452,0.9654456060041254,0.018496640534719777,3,ssme,heldout,PneumoniaMNIST_infer
autokeras_1,ece,0.06636711677063344,0.1060865039960204,0.03971938722538697,3,ssme,heldout,PneumoniaMNIST_infer
autokeras_2,accuracy,0.916792013808282,0.8921568627450981,0.024635151063183924,3,ssme,heldout,PneumoniaMNIST_infer
autokeras_2,auc,0.9855930635060113,0.9638671875,0.02172587600601128,3,ssme,heldout,PneumoniaMNIST_infer
autokeras_2,auprc,0.9924282723199905,0.9768553045495654,0.015572967770425161,3,ssme,heldout,PneumoniaMNIST_infer
autokeras_2,ece,0.0661053338487101,0.09241195030972037,0.026306616461010263,3,ssme,heldout,PneumoniaMNIST_infer
autokeras_3,accuracy,0.8829368049611401,0.8676470588235294,0.015289746137610694,3,ssme,heldout,PneumoniaMNIST_infer
autokeras_3,auc,0.9750544062762265,0.9471114309210527,0.02794297535517387,3,ssme,heldout,PneumoniaMNIST_infer
autokeras_3,auprc,0.9848626285497246,0.9609944414266669,0.023868187123057716,3,ssme,heldout,PneumoniaMNIST_infer
autokeras_3,ece,0.11122839333694022,0.137122905414433,0.025894512077492784,3,ssme,heldout,PneumoniaMNIST_infer
automl_vision_1,accuracy,0.9468789809782693,0.946078431372549,0.000800549605720291,3,ssme,heldout,PneumoniaMNIST_infer
automl_vision_1,auc,0.9896604094679654,0.9954769736842105,0.0058165642162451014,3,ssme,heldout,PneumoniaMNIST_infer
automl_vision_1,auprc,0.9939665278305341,0.9971609125788493,0.0031943847483152377,3,ssme,heldout,PneumoniaMNIST_infer
automl_vision_1,ece,0.06602614396207385,0.08610149969657266,0.020075355734498812,3,ssme,heldout,PneumoniaMNIST_infer
automl_vision_2,accuracy,0.9513395880671478,0.9509803921568627,0.0003591959102851039,3,ssme,heldout,PneumoniaMNIST_infer
automl_vision_2,auc,0.990186664138865,0.9905427631578948,0.00035609901902977636,3,ssme,heldout,PneumoniaMNIST_infer
automl_vision_2,auprc,0.9939540613590503,0.9923162184321002,0.0016378429269501282,3,ssme,heldout,PneumoniaMNIST_infer
automl_vision_2,ece,0.03258898311228239,0.05322952378732142,0.02064054067503903,3,ssme,heldout,PneumoniaMNIST_infer
automl_vision_3,accuracy,0.9616480104699546,0.9607843137254902,0.0008636967444644039,3,ssme,heldout,PneumoniaMNIST_infer
automl_vision_3,auc,0.9918976560731365,0.9964535361842105,0.0045558801110739955,3,ssme,heldout,PneumoniaMNIST_infer
automl_vision_3,auprc,0.9951551759395398,0.9973533908238097,0.0021982148842698557,3,ssme,heldout,PneumoniaMNIST_infer
automl_vision_3,ece,0.023323044540460577,0.03654340255554664,0.013220358015086062,3,ssme,heldout,PneumoniaMNIST_infer
resnet18_28_1,accuracy,0.8,0.8431372549019608,0.04313725490196074,3,labeled_only,heldout,PneumoniaMNIST_infer
resnet18_28_1,auc,0.9670329670329669,0.9463404605263157,0.02069250650665122,3,labeled_only,heldout,PneumoniaMNIST_infer
resnet18_28_1,auprc,0.9855769230769229,0.9563155073537308,0.029261415723192075,3,labeled_only,heldout,PneumoniaMNIST_infer
resnet18_28_1,ece,0.22639993615448473,0.16411834185162344,0.06228159430286129,3,labeled_only,heldout,PneumoniaMNIST_infer
autokeras_1,accuracy,0.8,0.8872549019607843,0.08725490196078423,3,labeled_only,heldout,PneumoniaMNIST_infer
autokeras_1,auc,0.956043956043956,0.9516344572368421,0.004409498807113832,3,labeled_only,heldout,PneumoniaMNIST_infer
autokeras_1,auprc,0.9796597633136093,0.9654456060041254,0.014214157309483832,3,labeled_only,heldout,PneumoniaMNIST_infer
autokeras_1,ece,0.16197565905749794,0.1060865039960204,0.05588915506147754,3,labeled_only,heldout,PneumoniaMNIST_infer
autokeras_2,accuracy,0.8,0.8921568627450981,0.09215686274509804,3,labeled_only,heldout,PneumoniaMNIST_infer
autokeras_2,auc,0.9670329670329669,0.9638671875,0.003165779532966928,3,labeled_only,heldout,PneumoniaMNIST_infer
autokeras_2,auprc,0.9855769230769231,0.9768553045495654,0.008721618527357755,3,labeled_only,heldout,PneumoniaMNIST_infer
autokeras_2,ece,0.14189526270177372,0.09241195030972037,0.04948331239205335,3,labeled_only,heldout,PneumoniaMNIST_infer
autokeras_3,accuracy,0.8,0.8676470588235294,0.0676470588235294,3,labeled_only,heldout,PneumoniaMNIST_infer
autokeras_3,auc,0.945054945054945,0.9471114309210527,0.002056485866107627,3,labeled_only,heldout,PneumoniaMNIST_infer
autokeras_3,auprc,0.9732495069033529,0.9609944414266669,0.012255065476685978,3,labeled_only,heldout,PneumoniaMNIST_infer
autokeras_3,ece,0.1734967569940806,0.137122905414433,0.03637385157964759,3,labeled_only,heldout,PneumoniaMNIST_infer
automl_vision_1,accuracy,1.0,0.946078431372549,0.05392156862745101,3,labeled_only,heldout,PneumoniaMNIST_infer
automl_vision_1,auc,1.0,0.9954769736842105,0.004523026315789491,3,labeled_only,heldout,PneumoniaMNIST_infer
automl_vision_1,auprc,1.0,0.9971609125788493,0.002839087421150688,3,labeled_only,heldout,PneumoniaMNIST_infer
automl_vision_1,ece,0.08490195944905281,0.08610149969657266,0.0011995402475198508,3,labeled_only,heldout,PneumoniaMNIST_infer
automl_vision_2,accuracy,1.0,0.9509803921568627,0.0490196078431373,3,labeled_only,heldout,PneumoniaMNIST_infer
automl_vision_2,auc,1.0,0.9905427631578948,0.009457236842105199,3,labeled_only,heldout,PneumoniaMNIST_infer
automl_vision_2,auprc,1.0,0.9923162184321002,0.007683781567899839,3,labeled_only,heldout,PneumoniaMNIST_infer
automl_vision_2,ece,0.029019608069211243,0.05322952378732142,0.024209915718110174,3,labeled_only,heldout,PneumoniaMNIST_infer
automl_vision_3,accuracy,1.0,0.9607843137254902,0.039215686274509776,3,labeled_only,heldout,PneumoniaMNIST_infer
automl_vision_3,auc,1.0,0.9964535361842105,0.003546463815789491,3,labeled_only,heldout,PneumoniaMNIST_infer
automl_vision_3,auprc,1.0,0.9973533908238097,0.0026466091761903066,3,labeled_only,heldout,PneumoniaMNIST_infer
automl_vision_3,ece,0.01764740872628832,0.03654340255554664,0.018895993829258318,3,labeled_only,heldout,PneumoniaMNIST_infer
resnet18_28_1,accuracy,0.8540560575297369,0.8285714285714286,0.025484628958308275,3,ssme,estimation_pool,PneumoniaMNIST_infer
resnet18_28_1,auc,0.9761727980958615,0.9499226978452023,0.026250100250659214,3,ssme,estimation_pool,PneumoniaMNIST_infer
resnet18_28_1,auprc,0.9870977819724689,0.9590681660673732,0.028029615905095673,3,ssme,estimation_pool,PneumoniaMNIST_infer
resnet18_28_1,ece,0.14663798749148324,0.1745222131867896,0.027884225695306353,3,ssme,estimation_pool,PneumoniaMNIST_infer
autokeras_1,accuracy,0.9102627440554633,0.8809523809523809,0.029310363103082326,3,ssme,estimation_pool,PneumoniaMNIST_infer
autokeras_1,auc,0.9735822329464326,0.9330853222533579,0.040496910693074706,3,ssme,estimation_pool,PneumoniaMNIST_infer
autokeras_1,auprc,0.9839422465388452,0.9287690361543429,0.05517321038450229,3,ssme,estimation_pool,PneumoniaMNIST_infer
autokeras_1,ece,0.06636711677063344,0.09132762463355507,0.02496050786292163,3,ssme,estimation_pool,PneumoniaMNIST_infer
autokeras_2,accuracy,0.916792013808282,0.8904761904761904,0.026315823332091592,3,ssme,estimation_pool,PneumoniaMNIST_infer
autokeras_2,auc,0.9855930635060113,0.9616991979901439,0.023893865515867363,3,ssme,estimation_pool,PneumoniaMNIST_infer
autokeras_2,auprc,0.9924282723199905,0.9693722684253184,0.023056003894672106,3,ssme,estimation_pool,PneumoniaMNIST_infer
autokeras_2,ece,0.0661053338487101,0.09306214494649517,0.02695681109778507,3,ssme,estimation_pool,PneumoniaMNIST_infer
autokeras_3,accuracy,0.8829368049611401,0.8523809523809524,0.03055585258018778,3,ssme,estimation_pool,PneumoniaMNIST_infer
autokeras_3,auc,0.9750544062762265,0.9352715238187265,0.03978288245750006,3,ssme,estimation_pool,PneumoniaMNIST_infer
autokeras_3,auprc,0.9848626285497246,0.9339406560259021,0.05092197252382247,3,ssme,estimation_pool,PneumoniaMNIST_infer
autokeras_3,ece,0.11122839333694022,0.1390590223952231,0.027830629058282888,3,ssme,estimation_pool,PneumoniaMNIST_infer
automl_vision_1,accuracy,0.9468789809782693,0.9333333333333333,0.013545647644935932,3,ssme,estimation_pool,PneumoniaMNIST_infer
automl_vision_1,auc,0.9896604094679654,0.9912310368151511,0.0015706273471857157,3,ssme,estimation_pool,PneumoniaMNIST_infer
automl_vision_1,auprc,0.9939665278305341,0.9936418101086694,0.00032471772186470904,3,ssme,estimation_pool,PneumoniaMNIST_infer
automl_vision_1,ece,0.06602614396207385,0.07778711527408587,0.011760971312012022,3,ssme,estimation_pool,PneumoniaMNIST_infer
automl_vision_2,accuracy,0.9513395880671478,0.9380952380952381,0.013244349971909708,3,ssme,estimation_pool,PneumoniaMNIST_infer
automl_vision_2,auc,0.990186664138865,0.9921127645183109,0.0019261003794458498,3,ssme,estimation_pool,PneumoniaMNIST_infer
automl_vision_2,auprc,0.9939540613590503,0.9936226582214531,0.0003314031375971638,3,ssme,estimation_pool,PneumoniaMNIST_infer
automl_vision_2,ece,0.03258898311228239,0.05517273261991548,0.022583749507633095,3,ssme,estimation_pool,PneumoniaMNIST_infer
automl_vision_3,accuracy,0.9616480104699546,0.9404761904761905,0.021171819993764163,3,ssme,estimation_pool,PneumoniaMNIST_infer
automl_vision_3,auc,0.9918976560731365,0.9849864721229105,0.006911183950226052,3,ssme,estimation_pool,PneumoniaMNIST_infer
automl_vision_3,auprc,0.9951551759395398,0.9885546311001199,0.006600544839419964,3,ssme,estimation_pool,PneumoniaMNIST_infer
automl_vision_3,ece,0.023323044540460577,0.04177370329169993,0.018450658751239354,3,ssme,estimation_pool,PneumoniaMNIST_infer
resnet18_28_1,accuracy,0.8,0.8285714285714286,0.02857142857142858,3,labeled_only,estimation_pool,PneumoniaMNIST_infer
resnet18_28_1,auc,0.9670329670329669,0.9499226978452023,0.017110269187764593,3,labeled_only,estimation_pool,PneumoniaMNIST_infer
resnet18_28_1,auprc,0.9855769230769229,0.9590681660673732,0.02650875700954969,3,labeled_only,estimation_pool,PneumoniaMNIST_infer
resnet18_28_1,ece,0.22639993615448473,0.1745222131867896,0.051877722967695133,3,labeled_only,estimation_pool,PneumoniaMNIST_infer
autokeras_1,accuracy,0.8,0.8809523809523809,0.08095238095238089,3,labeled_only,estimation_pool,PneumoniaMNIST_infer
autokeras_1,auc,0.956043956043956,0.9330853222533579,0.022958633790598038,3,labeled_only,estimation_pool,PneumoniaMNIST_infer
autokeras_1,auprc,0.9796597633136093,0.9287690361543429,0.05089072715926635,3,labeled_only,estimation_pool,PneumoniaMNIST_infer
autokeras_1,ece,0.16197565905749794,0.09132762463355507,0.07064803442394288,3,labeled_only,estimation_pool,PneumoniaMNIST_infer
autokeras_2,accuracy,0.8,0.8904761904761904,0.09047619047619038,3,labeled_only,estimation_pool,PneumoniaMNIST_infer
autokeras_2,auc,0.9670329670329669,0.9616991979901439,0.005333769042823011,3,labeled_only,estimation_pool,PneumoniaMNIST_infer
autokeras_2,auprc,0.9855769230769231,0.9693722684253184,0.0162046546516047,3,labeled_only,estimation_pool,PneumoniaMNIST_infer
autokeras_2,ece,0.14189526270177372,0.09306214494649517,0.04883311775527854,3,labeled_only,estimation_pool,PneumoniaMNIST_infer
autokeras_3,accuracy,0.8,0.8523809523809524,0.052380952380952306,3,labeled_only,estimation_pool,PneumoniaMNIST_infer
autokeras_3,auc,0.945054945054945,0.9352715238187265,0.009783421236218559,3,labeled_only,estimation_pool,PneumoniaMNIST_infer
autokeras_3,auprc,0.9732495069033529,0.9339406560259021,0.03930885087745073,3,labeled_only,estimation_pool,PneumoniaMNIST_infer
autokeras_3,ece,0.1734967569940806,0.1390590223952231,0.03443773459885749,3,labeled_only,estimation_pool,PneumoniaMNIST_infer
automl_vision_1,accuracy,1.0,0.9333333333333333,0.06666666666666665,3,labeled_only,estimation_pool,PneumoniaMNIST_infer
automl_vision_1,auc,1.0,0.9912310368151511,0.008768963184848877,3,labeled_only,estimation_pool,PneumoniaMNIST_infer
automl_vision_1,auprc,1.0,0.9936418101086694,0.0063581898913306345,3,labeled_only,estimation_pool,PneumoniaMNIST_infer
automl_vision_1,ece,0.08490195944905281,0.07778711527408587,0.007114844174966939,3,labeled_only,estimation_pool,PneumoniaMNIST_infer
automl_vision_2,accuracy,1.0,0.9380952380952381,0.06190476190476191,3,labeled_only,estimation_pool,PneumoniaMNIST_infer
automl_vision_2,auc,1.0,0.9921127645183109,0.007887235481689125,3,labeled_only,estimation_pool,PneumoniaMNIST_infer
automl_vision_2,auprc,1.0,0.9936226582214531,0.0063773417785468745,3,labeled_only,estimation_pool,PneumoniaMNIST_infer
automl_vision_2,ece,0.029019608069211243,0.05517273261991548,0.02615312455070424,3,labeled_only,estimation_pool,PneumoniaMNIST_infer
automl_vision_3,accuracy,1.0,0.9404761904761905,0.059523809523809534,3,labeled_only,estimation_pool,PneumoniaMNIST_infer
automl_vision_3,auc,1.0,0.9849864721229105,0.015013527877089539,3,labeled_only,estimation_pool,PneumoniaMNIST_infer
automl_vision_3,auprc,1.0,0.9885546311001199,0.011445368899880126,3,labeled_only,estimation_pool,PneumoniaMNIST_infer
automl_vision_3,ece,0.01764740872628832,0.04177370329169993,0.02412629456541161,3,labeled_only,estimation_pool,PneumoniaMNIST_infer
resnet18_28_1,accuracy,0.8609382720293473,0.8480392156862745,0.012899056343072757,4,ssme,heldout,PneumoniaMNIST_infer
resnet18_28_1,auc,0.9791692172313852,0.9376332622601279,0.04153595497125728,4,ssme,heldout,PneumoniaMNIST_infer
resnet18_28_1,auprc,0.9886923366471896,0.9528228363906659,0.03586950025652369,4,ssme,heldout,PneumoniaMNIST_infer
resnet18_28_1,ece,0.14158567298540137,0.15328529859257187,0.0116996256071705,4,ssme,heldout,PneumoniaMNIST_infer
autokeras_1,accuracy,0.9220906224486287,0.8725490196078431,0.04954160284078557,4,ssme,heldout,PneumoniaMNIST_infer
autokeras_1,auc,0.9842760870422267,0.9273454157782516,0.05693067126397511,4,ssme,heldout,PneumoniaMNIST_infer
autokeras_1,auprc,0.9910587748166512,0.9493368802213897,0.04172189459526143,4,ssme,heldout,PneumoniaMNIST_infer
autokeras_1,ece,0.0597641660805809,0.09673336266142762,0.03696919658084673,4,ssme,heldout,PneumoniaMNIST_infer
autokeras_2,accuracy,0.9245896765120546,0.8970588235294118,0.027530852982642795,4,ssme,heldout,PneumoniaMNIST_infer
autokeras_2,auc,0.9878811820665825,0.954637526652452,0.033243655414130435,4,ssme,heldout,PneumoniaMNIST_infer
autokeras_2,auprc,0.9933672127614773,0.9684264621991513,0.02494075056232603,4,ssme,heldout,PneumoniaMNIST_infer
autokeras_2,ece,0.05950715860058258,0.08722350351826286,0.027716344917680276,4,ssme,heldout,PneumoniaMNIST_infer
autokeras_3,accuracy,0.8913459908276995,0.8578431372549019,0.033502853572797586,4,ssme,heldout,PneumoniaMNIST_infer
autokeras_3,auc,0.9845714962178062,0.9262793176972282,0.058292178520578,4,ssme,heldout,PneumoniaMNIST_infer
autokeras_3,auprc,0.9912580281840662,0.9468262949389037,0.044431733245162475,4,ssme,heldout,PneumoniaMNIST_infer
autokeras_3,ece,0.10744640797503881,0.1267782622489628,0.01933185427392399,4,ssme,heldout,PneumoniaMNIST_infer
automl_vision_1,accuracy,0.9471107667003548,0.9362745098039216,0.010836256896433194,4,ssme,heldout,PneumoniaMNIST_infer
automl_vision_1,auc,0.9872104760248969,0.9896055437100214,0.002395067685124541,4,ssme,heldout,PneumoniaMNIST_infer
automl_vision_1,auprc,0.9928489577724254,0.9933931965848972,0.0005442388124717867,4,ssme,heldout,PneumoniaMNIST_infer
automl_vision_1,ece,0.05674444444264684,0.08306420609062792,0.026319761647981083,4,ssme,heldout,PneumoniaMNIST_infer
automl_vision_2,accuracy,0.944442038397038,0.9313725490196079,0.013069489377430132,4,ssme,heldout,PneumoniaMNIST_infer
automl_vision_2,auc,0.986845402298008,0.9955756929637527,0.008730290665744711,4,ssme,heldout,PneumoniaMNIST_infer
automl_vision_2,auprc,0.99244686934871,0.9978353001973084,0.005388430848598413,4,ssme,heldout,PneumoniaMNIST_infer
automl_vision_2,ece,0.02700775131556879,0.05730487456707919,0.030297123251510398,4,ssme,heldout,PneumoniaMNIST_infer
automl_vision_3,accuracy,0.9572816834790991,0.9313725490196079,0.02590913445949128,4,ssme,heldout,PneumoniaMNIST_infer
automl_vision_3,auc,0.9877109318749604,0.988859275053305,0.0011483431783445575,4,ssme,heldout,PneumoniaMNIST_infer
automl_vision_3,auprc,0.9931004768557216,0.9935808126222814,0.000480335766559814,4,ssme,heldout,PneumoniaMNIST_infer
automl_vision_3,ece,0.027308818575924102,0.04748136121679034,0.02017254264086624,4,ssme,heldout,PneumoniaMNIST_infer
resnet18_28_1,accuracy,0.95,0.8480392156862745,0.10196078431372546,4,labeled_only,heldout,PneumoniaMNIST_infer
resnet18_28_1,auc,0.9797979797979798,0.9376332622601279,0.04216471753785189,4,labeled_only,heldout,PneumoniaMNIST_infer
resnet18_28_1,auprc,0.9841597796143251,0.9528228363906659,0.03133694322365921,4,labeled_only,heldout,PneumoniaMNIST_infer
resnet18_28_1,ece,0.09181010440224782,0.15328529859257187,0.061475194190324045,4,labeled_only,heldout,PneumoniaMNIST_infer
autokeras_1,accuracy,1.0,0.8725490196078431,0.12745098039215685,4,labeled_only,heldout,PneumoniaMNIST_infer
autokeras_1,auc,1.0,0.9273454157782516,0.07265458422174842,4,labeled_only,heldout,PneumoniaMNIST_infer
autokeras_1,auprc,1.0,0.9493368802213897,0.050663119778610266,4,labeled_only,heldout,PneumoniaMNIST_infer
autokeras_1,ece,0.03217708829214465,0.09673336266142762,0.06455627436928298,4,labeled_only,heldout,PneumoniaMNIST_infer
autokeras_2,accuracy,1.0,0.8970588235294118,0.1029411764705882,4,labeled_only,heldout,PneumoniaMNIST_infer
autokeras_2,auc,1.0,0.954637526652452,0.04536247334754795,4,labeled_only,heldout,PneumoniaMNIST_infer
autokeras_2,auprc,1.0,0.9684264621991513,0.031573537800848706,4,labeled_only,heldout,PneumoniaMNIST_infer
autokeras_2,ece,0.03631050770646943,0.08722350351826286,0.05091299581179343,4,labeled_only,heldout,PneumoniaMNIST_infer
autokeras_3,accuracy,1.0,0.8578431372549019,0.1421568627450981,4,labeled_only,heldout,PneumoniaMNIST_infer
autokeras_3,auc,1.0,0.9262793176972282,0.07372068230277184,4,labeled_only,heldout,PneumoniaMNIST_infer
autokeras_3,auprc,1.0,0.9468262949389037,0.05317370506109631,4,labeled_only,heldout,PneumoniaMNIST_infer
autokeras_3,ece,0.06076559307048849,0.1267782622489628,0.06601266917847431,4,labeled_only,heldout,PneumoniaMNIST_infer
automl_vision_1,accuracy,0.9,0.9362745098039216,0.03627450980392155,4,labeled_only,heldout,PneumoniaMNIST_infer
automl_vision_1,auc,1.0,0.9896055437100214,0.010394456289978593,4,labeled_only,heldout,PneumoniaMNIST_infer
automl_vision_1,auprc,1.0,0.9933931965848972,0.00660680341510278,4,labeled_only,heldout,PneumoniaMNIST_infer
automl_vision_1,ece,0.11411764826625587,0.08306420609062792,0.031053442175627943,4,labeled_only,heldout,PneumoniaMNIST_infer
automl_vision_2,accuracy,0.95,0.9313725490196079,0.01862745098039209,4,labeled_only,heldout,PneumoniaMNIST_infer
automl_vision_2,auc,1.0,0.9955756929637527,0.004424307036247299,4,labeled_only,heldout,PneumoniaMNIST_infer
automl_vision_2,auprc,1.0,0.9978353001973084,0.0021646998026916275,4,labeled_only,heldout,PneumoniaMNIST_infer
automl_vision_2,ece,0.07137255007401108,0.05730487456707919,0.014067675506931894,4,labeled_only,heldout,PneumoniaMNIST_infer
automl_vision_3,accuracy,1.0,0.9313725490196079,0.06862745098039214,4,labeled_only,heldout,PneumoniaMNIST_infer
automl_vision_3,auc,1.0,0.988859275053305,0.011140724946695046,4,labeled_only,heldout,PneumoniaMNIST_infer
automl_vision_3,auprc,1.0,0.9935808126222814,0.006419187377718627,4,labeled_only,heldout,PneumoniaMNIST_infer
automl_vision_3,ece,0.015098439223812533,0.04748136121679034,0.032382921992977806,4,labeled_only,heldout,PneumoniaMNIST_infer
resnet18_28_1,accuracy,0.8609382720293473,0.8261904761904761,0.03474779583887111,4,ssme,estimation_pool,PneumoniaMNIST_infer
resnet18_28_1,auc,0.9791692172313852,0.9533155487804879,0.025853668450897316,4,ssme,estimation_pool,PneumoniaMNIST_infer
resnet18_28_1,auprc,0.9886923366471896,0.9604485448268806,0.028243791820309005,4,ssme,estimation_pool,PneumoniaMNIST_infer
resnet18_28_1,ece,0.14158567298540137,0.1809792482977043,0.03939357531230292,4,ssme,estimation_pool,PneumoniaMNIST_infer
autokeras_1,accuracy,0.9220906224486287,0.888095238095238,0.03399538435339067,4,ssme,estimation_pool,PneumoniaMNIST_infer
autokeras_1,auc,0.9842760870422267,0.9451338605182926,0.039142226523934065,4,ssme,estimation_pool,PneumoniaMNIST_infer
autokeras_1,auprc,0.9910587748166512,0.9365385722594307,0.054520202557220454,4,ssme,estimation_pool,PneumoniaMNIST_infer
autokeras_1,ece,0.0597641660805809,0.09781800220013764,0.03805383611955675,4,ssme,estimation_pool,PneumoniaMNIST_infer
autokeras_2,accuracy,0.9245896765120546,0.888095238095238,0.036494438416816544,4,ssme,estimation_pool,PneumoniaMNIST_infer
autokeras_2,auc,0.9878811820665825,0.9667849657012195,0.021096216365362963,4,ssme,estimation_pool,PneumoniaMNIST_infer
autokeras_2,auprc,0.9933672127614773,0.9741842806644723,0.019182932097005057,4,ssme,estimation_pool,PneumoniaMNIST_infer
autokeras_2,ece,0.05950715860058258,0.09772419275434271,0.038217034153760134,4,ssme,estimation_pool,PneumoniaMNIST_infer
autokeras_3,accuracy,0.8913459908276995,0.8571428571428571,0.0342031336848424,4,ssme,estimation_pool,PneumoniaMNIST_infer
autokeras_3,auc,0.9845714962178062,0.945288681402439,0.039282814815367106,4,ssme,estimation_pool,PneumoniaMNIST_infer
autokeras_3,auprc,0.9912580281840662,0.9409359709276104,0.05032205725645578,4,ssme,estimation_pool,PneumoniaMNIST_infer
autokeras_3,ece,0.10744640797503881,0.14667221053954982,0.03922580256451101,4,ssme,estimation_pool,PneumoniaMNIST_infer
automl_vision_1,accuracy,0.9471107667003548,0.9380952380952381,0.009015528605116674,4,ssme,estimation_pool,PneumoniaMNIST_infer
automl_vision_1,auc,0.9872104760248969,0.9935094321646342,0.0062989561397372995,4,ssme,estimation_pool,PneumoniaMNIST_infer
automl_vision_1,auprc,0.9928489577724254,0.9952121995434526,0.0023632417710272025,4,ssme,estimation_pool,PneumoniaMNIST_infer
automl_vision_1,ece,0.05674444444264684,0.0779738568390409,0.02122941239639406,4,ssme,estimation_pool,PneumoniaMNIST_infer
automl_vision_2,accuracy,0.944442038397038,0.9476190476190476,0.003177009222009586,4,ssme,estimation_pool,PneumoniaMNIST_infer
automl_vision_2,auc,0.986845402298008,0.9905082888719513,0.0036628865739433136,4,ssme,estimation_pool,PneumoniaMNIST_infer
automl_vision_2,auprc,0.99244686934871,0.9914512636301149,0.0009956057185950273,4,ssme,estimation_pool,PneumoniaMNIST_infer
automl_vision_2,ece,0.02700775131556879,0.05300653528124578,0.025998783965676987,4,ssme,estimation_pool,PneumoniaMNIST_infer
automl_vision_3,accuracy,0.9572816834790991,0.9547619047619048,0.002519778717194332,4,ssme,estimation_pool,PneumoniaMNIST_infer
automl_vision_3,auc,0.9877109318749604,0.9885432545731708,0.0008323226982104304,4,ssme,estimation_pool,PneumoniaMNIST_infer
automl_vision_3,auprc,0.9931004768557216,0.9900676114194786,0.0030328654362429264,4,ssme,estimation_pool,PneumoniaMNIST_infer
automl_vision_3,ece,0.027308818575924102,0.03588213011837217,0.00857331154244807,4,ssme,estimation_pool,PneumoniaMNIST_infer
resnet18_28_1,accuracy,0.95,0.8261904761904761,0.12380952380952381,4,labeled_only,estimation_pool,PneumoniaMNIST_infer
resnet18_28_1,auc,0.9797979797979798,0.9533155487804879,0.026482431017491925,4,labeled_only,estimation_pool,PneumoniaMNIST_infer
resnet18_28_1,auprc,0.9841597796143251,0.9604485448268806,0.023711234787444524,4,labeled_only,estimation_pool,PneumoniaMNIST_infer
resnet18_28_1,ece,0.09181010440224782,0.1809792482977043,0.08916914389545647,4,labeled_only,estimation_pool,PneumoniaMNIST_infer
autokeras_1,accuracy,1.0,0.888095238095238,0.11190476190476195,4,labeled_only,estimation_pool,PneumoniaMNIST_infer
autokeras_1,auc,1.0,0.9451338605182926,0.05486613948170738,4,labeled_only,estimation_pool,PneumoniaMNIST_infer
autokeras_1,auprc,1.0,0.9365385722594307,0.06346142774056929,4,labeled_only,estimation_pool,PneumoniaMNIST_infer
autokeras_1,ece,0.03217708829214465,0.09781800220013764,0.065640913907993,4,labeled_only,estimation_pool,PneumoniaMNIST_infer
autokeras_2,accuracy,1.0,0.888095238095238,0.11190476190476195,4,labeled_only,estimation_pool,PneumoniaMNIST_infer
autokeras_2,auc,1.0,0.9667849657012195,0.03321503429878048,4,labeled_only,estimation_pool,PneumoniaMNIST_infer
autokeras_2,auprc,1.0,0.9741842806644723,0.02581571933552773,4,labeled_only,estimation_pool,PneumoniaMNIST_infer
autokeras_2,ece,0.03631050770646943,0.09772419275434271,0.061413685047873284,4,labeled_only,estimation_pool,PneumoniaMNIST_infer
autokeras_3,accuracy,1.0,0.8571428571428571,0.1428571428571429,4,labeled_only,estimation_pool,PneumoniaMNIST_infer
autokeras_3,auc,1.0,0.945288681402439,0.054711318597560954,4,labeled_only,estimation_pool,PneumoniaMNIST_infer
autokeras_3,auprc,1.0,0.9409359709276104,0.05906402907238961,4,labeled_only,estimation_pool,PneumoniaMNIST_infer
autokeras_3,ece,0.06076559307048849,0.14667221053954982,0.08590661746906134,4,labeled_only,estimation_pool,PneumoniaMNIST_infer
automl_vision_1,accuracy,0.9,0.9380952380952381,0.03809523809523807,4,labeled_only,estimation_pool,PneumoniaMNIST_infer
automl_vision_1,auc,1.0,0.9935094321646342,0.006490567835365835,4,labeled_only,estimation_pool,PneumoniaMNIST_infer
automl_vision_1,auprc,1.0,0.9952121995434526,0.004787800456547364,4,labeled_only,estimation_pool,PneumoniaMNIST_infer
automl_vision_1,ece,0.11411764826625587,0.0779738568390409,0.036143791427214966,4,labeled_only,estimation_pool,PneumoniaMNIST_infer
automl_vision_2,accuracy,0.95,0.9476190476190476,0.0023809523809523725,4,labeled_only,estimation_pool,PneumoniaMNIST_infer
automl_vision_2,auc,1.0,0.9905082888719513,0.009491711128048697,4,labeled_only,estimation_pool,PneumoniaMNIST_infer
automl_vision_2,auprc,1.0,0.9914512636301149,0.008548736369885068,4,labeled_only,estimation_pool,PneumoniaMNIST_infer
automl_vision_2,ece,0.07137255007401108,0.05300653528124578,0.018366014792765305,4,labeled_only,estimation_pool,PneumoniaMNIST_infer
automl_vision_3,accuracy,1.0,0.9547619047619048,0.04523809523809519,4,labeled_only,estimation_pool,PneumoniaMNIST_infer
automl_vision_3,auc,1.0,0.9885432545731708,0.011456745426829174,4,labeled_only,estimation_pool,PneumoniaMNIST_infer
automl_vision_3,auprc,1.0,0.9900676114194786,0.009932388580521367,4,labeled_only,estimation_pool,PneumoniaMNIST_infer
automl_vision_3,ece,0.015098439223812533,0.03588213011837217,0.02078369089455964,4,labeled_only,estimation_pool,PneumoniaMNIST_infer
resnet18_28_1,accuracy,0.8611776352245765,0.8333333333333334,0.027844301891243095,5,ssme,heldout,PneumoniaMNIST_infer
resnet18_28_1,auc,0.9477015679563252,0.9316903568872074,0.016011211069117848,5,ssme,heldout,PneumoniaMNIST_infer
resnet18_28_1,auprc,0.9629666644375332,0.9445367226482348,0.018429941789298354,5,ssme,heldout,PneumoniaMNIST_infer
resnet18_28_1,ece,0.12614730989122763,0.1807491920825152,0.05460188219128756,5,ssme,heldout,PneumoniaMNIST_infer
autokeras_1,accuracy,0.8975476594264105,0.8872549019607843,0.01029275746562619,5,ssme,heldout,PneumoniaMNIST_infer
autokeras_1,auc,0.9514522905943927,0.9291338582677166,0.022318432326676185,5,ssme,heldout,PneumoniaMNIST_infer
autokeras_1,auprc,0.9692144692771042,0.9305632400322892,0.03865122924481501,5,ssme,heldout,PneumoniaMNIST_infer
autokeras_1,ece,0.06907582763893244,0.09991425395861019,0.030838426319677745,5,ssme,heldout,PneumoniaMNIST_infer
autokeras_2,accuracy,0.9012113742074201,0.8970588235294118,0.004152550678008349,5,ssme,heldout,PneumoniaMNIST_infer
autokeras_2,auc,0.9561326732525601,0.9637488495756212,0.007616176323061108,5,ssme,heldout,PneumoniaMNIST_infer
autokeras_2,auprc,0.9737375309574083,0.9683339692925984,0.0054035616648099305,5,ssme,heldout,PneumoniaMNIST_infer
autokeras_2,ece,0.06999468258778398,0.09881928780125637,0.028824605213472396,5,ssme,heldout,PneumoniaMNIST_infer
autokeras_3,accuracy,0.8772912138774758,0.8676470588235294,0.009644155053946335,5,ssme,heldout,PneumoniaMNIST_infer
autokeras_3,auc,0.9519559443736171,0.9211064526025156,0.030849491771101523,5,ssme,heldout,PneumoniaMNIST_infer
autokeras_3,auprc,0.9696103363219987,0.9222463355191705,0.04736400080282821,5,ssme,heldout,PneumoniaMNIST_infer
autokeras_3,ece,0.10140425592889928,0.14075445175422735,0.039350195825328074,5,ssme,heldout,PneumoniaMNIST_infer
automl_vision_1,accuracy,0.9186972264142416,0.9509803921568627,0.032283165742621134,5,ssme,heldout,PneumoniaMNIST_infer
automl_vision_1,auc,0.9616469134099832,0.9923305041415277,0.030683590731544474,5,ssme,heldout,PneumoniaMNIST_infer
automl_vision_1,auprc,0.976959926074549,0.9940163908587353,0.01705646478418632,5,ssme,heldout,PneumoniaMNIST_infer
automl_vision_1,ece,0.04378730049693871,0.07249134936022993,0.02870404886329122,5,ssme,heldout,PneumoniaMNIST_infer
automl_vision_2,accuracy,0.918482309555261,0.946078431372549,0.02759612181728799,5,ssme,heldout,PneumoniaMNIST_infer
automl_vision_2,auc,0.95846882578943,0.9928418038654259,0.03437297807599582,5,ssme,heldout,PneumoniaMNIST_infer
automl_vision_2,auprc,0.9741114304916685,0.9941073619902203,0.019995931498551833,5,ssme,heldout,PneumoniaMNIST_infer
automl_vision_2,ece,0.04829056567806349,0.05941945048824369,0.0111288848101802,5,ssme,heldout,PneumoniaMNIST_infer
automl_vision_3,accuracy,0.9169779739377532,0.9558823529411765,0.03890437900342336,5,ssme,heldout,PneumoniaMNIST_infer
automl_vision_3,auc,0.959519589677084,0.9902853052459352,0.030765715568851215,5,ssme,heldout,PneumoniaMNIST_infer
automl_vision_3,auprc,0.976841752851383,0.9913042059764368,0.014462453125053787,5,ssme,heldout,PneumoniaMNIST_infer
automl_vision_3,ece,0.06790349525023563,0.043752173542238065,0.024151321707997567,5,ssme,heldout,PneumoniaMNIST_infer
resnet18_28_1,accuracy,0.75,0.8333333333333334,0.08333333333333337,5,labeled_only,heldout,PneumoniaMNIST_infer
resnet18_28_1,auc,0.8571428571428571,0.9316903568872074,0.07454749974435027,5,labeled_only,heldout,PneumoniaMNIST_infer
resnet18_28_1,auprc,0.8819768906307368,0.9445367226482348,0.06255983201749804,5,labeled_only,heldout,PneumoniaMNIST_infer
resnet18_28_1,ece,0.2370099674910307,0.1807491920825152,0.05626077540851551,5,labeled_only,heldout,PneumoniaMNIST_infer
autokeras_1,accuracy,0.8,0.8872549019607843,0.08725490196078423,5,labeled_only,heldout,PneumoniaMNIST_infer
autokeras_1,auc,0.8791208791208791,0.9291338582677166,0.050012979146837444,5,labeled_only,heldout,PneumoniaMNIST_infer
autokeras_1,auprc,0.9165922752461214,0.9305632400322892,0.013970964786167772,5,labeled_only,heldout,PneumoniaMNIST_infer
autokeras_1,ece,0.15361327843351064,0.09991425395861019,0.05369902447490045,5,labeled_only,heldout,PneumoniaMNIST_infer
autokeras_2,accuracy,0.9,0.8970588235294118,0.002941176470588225,5,labeled_only,heldout,PneumoniaMNIST_infer
autokeras_2,auc,0.9120879120879121,0.9637488495756212,0.05166093748770917,5,labeled_only,heldout,PneumoniaMNIST_infer
autokeras_2,auprc,0.9593120554659016,0.9683339692925984,0.009021913826696815,5,labeled_only,heldout,PneumoniaMNIST_infer
autokeras_2,ece,0.11100264102216141,0.09881928780125637,0.012183353220905038,5,labeled_only,heldout,PneumoniaMNIST_infer
autokeras_3,accuracy,0.8,0.8676470588235294,0.0676470588235294,5,labeled_only,heldout,PneumoniaMNIST_infer
autokeras_3,auc,0.8901098901098901,0.9211064526025156,0.0309965624926255,5,labeled_only,heldout,PneumoniaMNIST_infer
autokeras_3,auprc,0.9294127880666342,0.9222463355191705,0.007166452547463731,5,labeled_only,heldout,PneumoniaMNIST_infer
autokeras_3,ece,0.19272124881466624,0.14075445175422735,0.051966797060438885,5,labeled_only,heldout,PneumoniaMNIST_infer
automl_vision_1,accuracy,1.0,0.9509803921568627,0.0490196078431373,5,labeled_only,heldout,PneumoniaMNIST_infer
automl_vision_1,auc,1.0,0.9923305041415277,0.007669495858472319,5,labeled_only,heldout,PneumoniaMNIST_infer
automl_vision_1,auprc,1.0,0.9940163908587353,0.005983609141264723,5,labeled_only,heldout,PneumoniaMNIST_infer
automl_vision_1,ece,0.09745097924023866,0.07249134936022993,0.02495962988000873,5,labeled_only,heldout,PneumoniaMNIST_infer
automl_vision_2,accuracy,0.95,0.946078431372549,0.0039215686274509665,5,labeled_only,heldout,PneumoniaMNIST_infer
automl_vision_2,auc,0.9780219780219781,0.9928418038654259,0.014819825843447765,5,labeled_only,heldout,PneumoniaMNIST_infer
automl_vision_2,auprc,0.9897435897435898,0.9941073619902203,0.004363772246630537,5,labeled_only,heldout,PneumoniaMNIST_infer
automl_vision_2,ece,0.10333333387970925,0.05941945048824369,0.04391388339146556,5,labeled_only,heldout,PneumoniaMNIST_infer
automl_vision_3,accuracy,0.9,0.9558823529411765,0.055882352941176494,5,labeled_only,heldout,PneumoniaMNIST_infer
automl_vision_3,auc,0.9505494505494506,0.9902853052459352,0.03973585469648455,5,labeled_only,heldout,PneumoniaMNIST_infer
automl_vision_3,auprc,0.9757085020242915,0.9913042059764368,0.015595703952145268,5,labeled_only,heldout,PneumoniaMNIST_infer
automl_vision_3,ece,0.109411465448749,0.043752173542238065,0.06565929190651093,5,labeled_only,heldout,PneumoniaMNIST_infer
resnet18_28_1,accuracy,0.8611776352245765,0.8333333333333334,0.027844301891243095,5,ssme,estimation_pool,PneumoniaMNIST_infer
resnet18_28_1,auc,0.9477015679563252,0.9554624494441889,0.007760881487863691,5,ssme,estimation_pool,PneumoniaMNIST_infer
resnet18_28_1,auprc,0.9629666644375332,0.962889287574555,7.737686297815127e-05,5,ssme,estimation_pool,PneumoniaMNIST_infer
resnet18_28_1,ece,0.12614730989122763,0.16740610309129234,0.0412587932000647,5,ssme,estimation_pool,PneumoniaMNIST_infer
autokeras_1,accuracy,0.8975476594264105,0.8809523809523809,0.01659527847402953,5,ssme,estimation_pool,PneumoniaMNIST_infer
autokeras_1,auc,0.9514522905943927,0.944406771451406,0.007045519142986789,5,ssme,estimation_pool,PneumoniaMNIST_infer
autokeras_1,auprc,0.9692144692771042,0.9458877500981429,0.02332671917896134,5,ssme,estimation_pool,PneumoniaMNIST_infer
autokeras_1,ece,0.06907582763893244,0.09320342667153528,0.024127599032602837,5,ssme,estimation_pool,PneumoniaMNIST_infer
autokeras_2,accuracy,0.9012113742074201,0.888095238095238,0.013116136112182097,5,ssme,estimation_pool,PneumoniaMNIST_infer
autokeras_2,auc,0.9561326732525601,0.9622678065437988,0.006135133291238715,5,ssme,estimation_pool,PneumoniaMNIST_infer
autokeras_2,auprc,0.9737375309574083,0.9736945938758265,4.293708158187304e-05,5,ssme,estimation_pool,PneumoniaMNIST_infer
autokeras_2,ece,0.06999468258778398,0.08938175565624182,0.01938707306845784,5,ssme,estimation_pool,PneumoniaMNIST_infer
autokeras_3,accuracy,0.8772912138774758,0.8523809523809524,0.024910261496523423,5,ssme,estimation_pool,PneumoniaMNIST_infer
autokeras_3,auc,0.9519559443736171,0.9476399215325373,0.004316022841079792,5,ssme,estimation_pool,PneumoniaMNIST_infer
autokeras_3,auprc,0.9696103363219987,0.9520895804017746,0.017520755920224063,5,ssme,estimation_pool,PneumoniaMNIST_infer
autokeras_3,ece,0.10140425592889928,0.13947417124085398,0.03806991531195471,5,ssme,estimation_pool,PneumoniaMNIST_infer
automl_vision_1,accuracy,0.9186972264142416,0.930952380952381,0.012255154538139412,5,ssme,estimation_pool,PneumoniaMNIST_infer
automl_vision_1,auc,0.9616469134099832,0.9921290353830132,0.03048212197303002,5,ssme,estimation_pool,PneumoniaMNIST_infer
automl_vision_1,auprc,0.976959926074549,0.9947300152103169,0.01777008913576794,5,ssme,estimation_pool,PneumoniaMNIST_infer
automl_vision_1,ece,0.04378730049693871,0.0841363218302528,0.04034902133331409,5,ssme,estimation_pool,PneumoniaMNIST_infer
automl_vision_2,accuracy,0.918482309555261,0.9404761904761905,0.021993880920929465,5,ssme,estimation_pool,PneumoniaMNIST_infer
automl_vision_2,auc,0.95846882578943,0.9915720132716573,0.03310318748222729,5,ssme,estimation_pool,PneumoniaMNIST_infer
automl_vision_2,auprc,0.9741114304916685,0.9930854193223017,0.01897398883063317,5,ssme,estimation_pool,PneumoniaMNIST_infer
automl_vision_2,ece,0.04829056567806349,0.05270774678574691,0.004417181107683424,5,ssme,estimation_pool,PneumoniaMNIST_infer
automl_vision_3,accuracy,0.9169779739377532,0.9428571428571428,0.025879168919389683,5,ssme,estimation_pool,PneumoniaMNIST_infer
automl_vision_3,auc,0.959519589677084,0.9880603521348479,0.028540762457763935,5,ssme,estimation_pool,PneumoniaMNIST_infer
automl_vision_3,auprc,0.976841752851383,0.9915135982147838,0.014671845363400826,5,ssme,estimation_pool,PneumoniaMNIST_infer
automl_vision_3,ece,0.06790349525023563,0.03920601652301982,0.028697478727215814,5,ssme,estimation_pool,PneumoniaMNIST_infer
resnet18_28_1,accuracy,0.75,0.8333333333333334,0.08333333333333337,5,labeled_only,estimation_pool,PneumoniaMNIST_infer
resnet18_28_1,auc,0.8571428571428571,0.9554624494441889,0.0983195923013318,5,labeled_only,estimation_pool,PneumoniaMNIST_infer
resnet18_28_1,auprc,0.8819768906307368,0.962889287574555,0.08091239694381824,5,labeled_only,estimation_pool,PneumoniaMNIST_infer
resnet18_28_1,ece,0.2370099674910307,0.16740610309129234,0.06960386439973837,5,labeled_only,estimation_pool,PneumoniaMNIST_infer
autokeras_1,accuracy,0.8,0.8809523809523809,0.08095238095238089,5,labeled_only,estimation_pool,PneumoniaMNIST_infer
autokeras_1,auc,0.8791208791208791,0.944406771451406,0.06528589233052684,5,labeled_only,estimation_pool,PneumoniaMNIST_infer
autokeras_1,auprc,0.9165922752461214,0.9458877500981429,0.02929547485202144,5,labeled_only,estimation_pool,PneumoniaMNIST_infer
autokeras_1,ece,0.15361327843351064,0.09320342667153528,0.06040985176197536,5,labeled_only,estimation_pool,PneumoniaMNIST_infer
autokeras_2,accuracy,0.9,0.888095238095238,0.011904761904761973,5,labeled_only,estimation_pool,PneumoniaMNIST_infer
autokeras_2,auc,0.9120879120879121,0.9622678065437988,0.050179894455886775,5,labeled_only,estimation_pool,PneumoniaMNIST_infer
autokeras_2,auprc,0.9593120554659016,0.9736945938758265,0.014382538409924872,5,labeled_only,estimation_pool,PneumoniaMNIST_infer
autokeras_2,ece,0.11100264102216141,0.08938175565624182,0.021620885365919593,5,labeled_only,estimation_pool,PneumoniaMNIST_infer
autokeras_3,accuracy,0.8,0.8523809523809524,0.052380952380952306,5,labeled_only,estimation_pool,PneumoniaMNIST_infer
autokeras_3,auc,0.8901098901098901,0.9476399215325373,0.05753003142264723,5,labeled_only,estimation_pool,PneumoniaMNIST_infer
autokeras_3,auprc,0.9294127880666342,0.9520895804017746,0.022676792335140417,5,labeled_only,estimation_pool,PneumoniaMNIST_infer
autokeras_3,ece,0.19272124881466624,0.13947417124085398,0.05324707757381225,5,labeled_only,estimation_pool,PneumoniaMNIST_infer
automl_vision_1,accuracy,1.0,0.930952380952381,0.06904761904761902,5,labeled_only,estimation_pool,PneumoniaMNIST_infer
automl_vision_1,auc,1.0,0.9921290353830132,0.007870964616986775,5,labeled_only,estimation_pool,PneumoniaMNIST_infer
automl_vision_1,auprc,1.0,0.9947300152103169,0.005269984789683102,5,labeled_only,estimation_pool,PneumoniaMNIST_infer
automl_vision_1,ece,0.09745097924023866,0.0841363218302528,0.013314657409985858,5,labeled_only,estimation_pool,PneumoniaMNIST_infer
automl_vision_2,accuracy,0.95,0.9404761904761905,0.00952380952380949,5,labeled_only,estimation_pool,PneumoniaMNIST_infer
automl_vision_2,auc,0.9780219780219781,0.9915720132716573,0.013550035249679238,5,labeled_only,estimation_pool,PneumoniaMNIST_infer
automl_vision_2,auprc,0.9897435897435898,0.9930854193223017,0.0033418295787118746,5,labeled_only,estimation_pool,PneumoniaMNIST_infer
automl_vision_2,ece,0.10333333387970925,0.05270774678574691,0.05062558709396234,5,labeled_only,estimation_pool,PneumoniaMNIST_infer
automl_vision_3,accuracy,0.9,0.9428571428571428,0.042857142857142816,5,labeled_only,estimation_pool,PneumoniaMNIST_infer
automl_vision_3,auc,0.9505494505494506,0.9880603521348479,0.03751090158539727,5,labeled_only,estimation_pool,PneumoniaMNIST_infer
automl_vision_3,auprc,0.9757085020242915,0.9915135982147838,0.015805096190492307,5,labeled_only,estimation_pool,PneumoniaMNIST_infer
automl_vision_3,ece,0.109411465448749,0.03920601652301982,0.07020544892572918,5,labeled_only,estimation_pool,PneumoniaMNIST_infer
resnet18_28_1,accuracy,0.8644780119608587,0.8333333333333334,0.031144678627525346,6,ssme,heldout,PneumoniaMNIST_infer
resnet18_28_1,auc,0.9819491348299685,0.9421041921041922,0.03984494272577632,6,ssme,heldout,PneumoniaMNIST_infer
resnet18_28_1,auprc,0.9905751148779035,0.9435707697769746,0.04700434510092888,6,ssme,heldout,PneumoniaMNIST_infer
resnet18_28_1,ece,0.1402081551628706,0.17637950017688483,0.03617134501401423,6,ssme,heldout,PneumoniaMNIST_infer
autokeras_1,accuracy,0.9232699486082129,0.8872549019607843,0.036015046647428606,6,ssme,heldout,PneumoniaMNIST_infer
autokeras_1,auc,0.9878809002455746,0.9395604395604396,0.04832046068513507,6,ssme,heldout,PneumoniaMNIST_infer
autokeras_1,auprc,0.9935040629877537,0.9546838541356539,0.0388202088520998,6,ssme,heldout,PneumoniaMNIST_infer
autokeras_1,ece,0.06556260338275761,0.09518408161716181,0.029621478234404197,6,ssme,heldout,PneumoniaMNIST_infer
autokeras_2,accuracy,0.9344212477470099,0.8823529411764706,0.05206830657053929,6,ssme,heldout,PneumoniaMNIST_infer
autokeras_2,auc,0.9908187451244703,0.9634208384208385,0.027397906703631847,6,ssme,heldout,PneumoniaMNIST_infer
autokeras_2,auprc,0.9951697779251718,0.9694985217810537,0.025671256144118137,6,ssme,heldout,PneumoniaMNIST_infer
autokeras_2,ece,0.061390815475384664,0.10011505203769587,0.03872423656231121,6,ssme,heldout,PneumoniaMNIST_infer
autokeras_3,accuracy,0.8857991611661675,0.8725490196078431,0.01325014155832438,6,ssme,heldout,PneumoniaMNIST_infer
autokeras_3,auc,0.9876996348079591,0.9375254375254376,0.05017419728252148,6,ssme,heldout,PneumoniaMNIST_infer
autokeras_3,auprc,0.9933419300291644,0.9505312668750517,0.04281066315411264,6,ssme,heldout,PneumoniaMNIST_infer
autokeras_3,ece,0.11235010877914924,0.1338014275195629,0.021451318740413658,6,ssme,heldout,PneumoniaMNIST_infer
automl_vision_1,accuracy,0.9462211465525675,0.9313725490196079,0.01484859753295964,6,ssme,heldout,PneumoniaMNIST_infer
automl_vision_1,auc,0.9893951703439247,0.992012617012617,0.002617446668692347,6,ssme,heldout,PneumoniaMNIST_infer
automl_vision_1,auprc,0.9937082945385359,0.9941426610626838,0.0004343665241478556,6,ssme,heldout,PneumoniaMNIST_infer
automl_vision_1,ece,0.06359542511474521,0.08481353367952742,0.021218108564782207,6,ssme,heldout,PneumoniaMNIST_infer
automl_vision_2,accuracy,0.9463348620161047,0.9411764705882353,0.0051583914278694465,6,ssme,heldout,PneumoniaMNIST_infer
automl_vision_2,auc,0.9865768737772269,0.9962352462352463,0.00965837245801937,6,ssme,heldout,PneumoniaMNIST_infer
automl_vision_2,auprc,0.9913963523478622,0.9977175132715994,0.006321160923737246,6,ssme,heldout,PneumoniaMNIST_infer
automl_vision_2,ece,0.0320585405699049,0.05121107421377126,0.019152533643866362,6,ssme,heldout,PneumoniaMNIST_infer
automl_vision_3,accuracy,0.9577293171122556,0.9264705882352942,0.03125872887696146,6,ssme,heldout,PneumoniaMNIST_infer
automl_vision_3,auc,0.987906364908155,0.9863654863654864,0.0015408785426686,6,ssme,heldout,PneumoniaMNIST_infer
automl_vision_3,auprc,0.9930751202962865,0.9904313398874512,0.0026437804088352834,6,ssme,heldout,PneumoniaMNIST_infer
automl_vision_3,ece,0.02728828497788297,0.053709798814451704,0.026421513836568735,6,ssme,heldout,PneumoniaMNIST_infer
resnet18_28_1,accuracy,0.85,0.8333333333333334,0.016666666666666607,6,labeled_only,heldout,PneumoniaMNIST_infer
resnet18_28_1,auc,0.9866666666666667,0.9421041921041922,0.04456247456247453,6,labeled_only,heldout,PneumoniaMNIST_infer
resnet18_28_1,auprc,0.9958333333333333,0.9435707697769746,0.05226256355635872,6,labeled_only,heldout,PneumoniaMNIST_infer
resnet18_28_1,ece,0.12128855725750326,0.17637950017688483,0.055090942919381575,6,labeled_only,heldout,PneumoniaMNIST_infer
autokeras_1,accuracy,0.9,0.8872549019607843,0.012745098039215752,6,labeled_only,heldout,PneumoniaMNIST_infer
autokeras_1,auc,1.0,0.9395604395604396,0.06043956043956045,6,labeled_only,heldout,PneumoniaMNIST_infer
autokeras_1,auprc,1.0,0.9546838541356539,0.04531614586434607,6,labeled_only,heldout,PneumoniaMNIST_infer
autokeras_1,ece,0.0738217266367089,0.09518408161716181,0.021362354980452913,6,labeled_only,heldout,PneumoniaMNIST_infer
autokeras_2,accuracy,1.0,0.8823529411764706,0.11764705882352944,6,labeled_only,heldout,PneumoniaMNIST_infer
autokeras_2,auc,1.0,0.9634208384208385,0.03657916157916152,6,labeled_only,heldout,PneumoniaMNIST_infer
autokeras_2,auprc,1.0,0.9694985217810537,0.030501478218946332,6,labeled_only,heldout,PneumoniaMNIST_infer
autokeras_2,ece,0.03722925137793248,0.10011505203769587,0.06288580065976339,6,labeled_only,heldout,PneumoniaMNIST_infer
autokeras_3,accuracy,0.9,0.8725490196078431,0.027450980392156876,6,labeled_only,heldout,PneumoniaMNIST_infer
autokeras_3,auc,1.0,0.9375254375254376,0.0624745624745624,6,labeled_only,heldout,PneumoniaMNIST_infer
autokeras_3,auprc,1.0,0.9505312668750517,0.04946873312494826,6,labeled_only,heldout,PneumoniaMNIST_infer
autokeras_3,ece,0.08782528890993113,0.1338014275195629,0.04597613860963176,6,labeled_only,heldout,PneumoniaMNIST_infer
automl_vision_1,accuracy,1.0,0.9313725490196079,0.06862745098039214,6,labeled_only,heldout,PneumoniaMNIST_infer
automl_vision_1,auc,1.0,0.992012617012617,0.007987382987382996,6,labeled_only,heldout,PneumoniaMNIST_infer
automl_vision_1,auprc,1.0,0.9941426610626838,0.005857338937316214,6,labeled_only,heldout,PneumoniaMNIST_infer
automl_vision_1,ece,0.09156862460076809,0.08481353367952742,0.006755090921240672,6,labeled_only,heldout,PneumoniaMNIST_infer
automl_vision_2,accuracy,0.95,0.9411764705882353,0.008823529411764675,6,labeled_only,heldout,PneumoniaMNIST_infer
automl_vision_2,auc,1.0,0.9962352462352463,0.0037647537647537144,6,labeled_only,heldout,PneumoniaMNIST_infer
automl_vision_2,auprc,1.0,0.9977175132715994,0.00228248672840059,6,labeled_only,heldout,PneumoniaMNIST_infer
automl_vision_2,ece,0.07549019651487474,0.05121107421377126,0.024279122301103476,6,labeled_only,heldout,PneumoniaMNIST_infer
automl_vision_3,accuracy,0.95,0.9264705882352942,0.0235294117647058,6,labeled_only,heldout,PneumoniaMNIST_infer
automl_vision_3,auc,1.0,0.9863654863654864,0.013634513634513623,6,labeled_only,heldout,PneumoniaMNIST_infer
automl_vision_3,auprc,1.0,0.9904313398874512,0.009568660112548755,6,labeled_only,heldout,PneumoniaMNIST_infer
automl_vision_3,ece,0.0358826539456352,0.053709798814451704,0.0178271448688165,6,labeled_only,heldout,PneumoniaMNIST_infer
resnet18_28_1,accuracy,0.8644780119608587,0.8333333333333334,0.031144678627525346,6,ssme,estimation_pool,PneumoniaMNIST_infer
resnet18_28_1,auc,0.9819491348299685,0.9515588578088578,0.030390277021110634,6,ssme,estimation_pool,PneumoniaMNIST_infer
resnet18_28_1,auprc,0.9905751148779035,0.9660605514368258,0.02451456344107772,6,ssme,estimation_pool,PneumoniaMNIST_infer
resnet18_28_1,ece,0.1402081551628706,0.16856679342880543,0.02835863826593482,6,ssme,estimation_pool,PneumoniaMNIST_infer
autokeras_1,accuracy,0.9232699486082129,0.8809523809523809,0.042317567655831945,6,ssme,estimation_pool,PneumoniaMNIST_infer
autokeras_1,auc,0.9878809002455746,0.9398067210567211,0.04807417918885348,6,ssme,estimation_pool,PneumoniaMNIST_infer
autokeras_1,auprc,0.9935040629877537,0.9357723655456593,0.05773169744209439,6,ssme,estimation_pool,PneumoniaMNIST_infer
autokeras_1,ece,0.06556260338275761,0.09967712098135113,0.03411451759859352,6,ssme,estimation_pool,PneumoniaMNIST_infer
autokeras_2,accuracy,0.9344212477470099,0.8952380952380953,0.039183152508914576,6,ssme,estimation_pool,PneumoniaMNIST_infer
autokeras_2,auc,0.9908187451244703,0.9624732905982906,0.02834545452617976,6,ssme,estimation_pool,PneumoniaMNIST_infer
autokeras_2,auprc,0.9951697779251718,0.9732959763151258,0.02187380161004604,6,ssme,estimation_pool,PneumoniaMNIST_infer
autokeras_2,ece,0.061390815475384664,0.0901236033584095,0.02873278788302483,6,ssme,estimation_pool,PneumoniaMNIST_infer
autokeras_3,accuracy,0.8857991611661675,0.85,0.03579916116616755,6,ssme,estimation_pool,PneumoniaMNIST_infer
autokeras_3,auc,0.9876996348079591,0.9395639083139082,0.048135726494050846,6,ssme,estimation_pool,PneumoniaMNIST_infer
autokeras_3,auprc,0.9933419300291644,0.939328122100526,0.05401380792863841,6,ssme,estimation_pool,PneumoniaMNIST_infer
autokeras_3,ece,0.11235010877914924,0.1406723116584457,0.028322202879296474,6,ssme,estimation_pool,PneumoniaMNIST_infer
automl_vision_1,accuracy,0.9462211465525675,0.9404761904761905,0.005744956076377039,6,ssme,estimation_pool,PneumoniaMNIST_infer
automl_vision_1,auc,0.9893951703439247,0.9924485236985238,0.0030533533545991087,6,ssme,estimation_pool,PneumoniaMNIST_infer
automl_vision_1,auprc,0.9937082945385359,0.9947876756666444,0.0010793811281084587,6,ssme,estimation_pool,PneumoniaMNIST_infer
automl_vision_1,ece,0.06359542511474521,0.07712418343871837,0.013528758323973156,6,ssme,estimation_pool,PneumoniaMNIST_infer
automl_vision_2,accuracy,0.9463348620161047,0.9428571428571428,0.0034777191589618894,6,ssme,estimation_pool,PneumoniaMNIST_infer
automl_vision_2,auc,0.9865768737772269,0.9896076146076146,0.0030307408303876793,6,ssme,estimation_pool,PneumoniaMNIST_infer
automl_vision_2,auprc,0.9913963523478622,0.9911672866198661,0.0002290657279960806,6,ssme,estimation_pool,PneumoniaMNIST_infer
automl_vision_2,ece,0.0320585405699049,0.055742291438203764,0.023683750868298867,6,ssme,estimation_pool,PneumoniaMNIST_infer
automl_vision_3,accuracy,0.9577293171122556,0.9571428571428572,0.000586459969398434,6,ssme,estimation_pool,PneumoniaMNIST_infer
automl_vision_3,auc,0.987906364908155,0.9894133644133644,0.0015069995052093832,6,ssme,estimation_pool,PneumoniaMNIST_infer
automl_vision_3,auprc,0.9930751202962865,0.991476416991604,0.0015987033046824806,6,ssme,estimation_pool,PneumoniaMNIST_infer
automl_vision_3,ece,0.02728828497788297,0.03259546535017707,0.005307180372294103,6,ssme,estimation_pool,PneumoniaMNIST_infer
resnet18_28_1,accuracy,0.85,0.8333333333333334,0.016666666666666607,6,labeled_only,estimation_pool,PneumoniaMNIST_infer
resnet18_28_1,auc,0.9866666666666667,0.9515588578088578,0.03510780885780884,6,labeled_only,estimation_pool,PneumoniaMNIST_infer
resnet18_28_1,auprc,0.9958333333333333,0.9660605514368258,0.02977278189650756,6,labeled_only,estimation_pool,PneumoniaMNIST_infer
resnet18_28_1,ece,0.12128855725750326,0.16856679342880543,0.04727823617130217,6,labeled_only,estimation_pool,PneumoniaMNIST_infer
autokeras_1,accuracy,0.9,0.8809523809523809,0.01904761904761909,6,labeled_only,estimation_pool,PneumoniaMNIST_infer
autokeras_1,auc,1.0,0.9398067210567211,0.06019327894327886,6,labeled_only,estimation_pool,PneumoniaMNIST_infer
autokeras_1,auprc,1.0,0.9357723655456593,0.06422763445434065,6,labeled_only,estimation_pool,PneumoniaMNIST_infer
autokeras_1,ece,0.0738217266367089,0.09967712098135113,0.025855394344642235,6,labeled_only,estimation_pool,PneumoniaMNIST_infer
autokeras_2,accuracy,1.0,0.8952380952380953,0.10476190476190472,6,labeled_only,estimation_pool,PneumoniaMNIST_infer
autokeras_2,auc,1.0,0.9624732905982906,0.037526709401709435,6,labeled_only,estimation_pool,PneumoniaMNIST_infer
autokeras_2,auprc,1.0,0.9732959763151258,0.026704023684874234,6,labeled_only,estimation_pool,PneumoniaMNIST_infer
autokeras_2,ece,0.03722925137793248,0.0901236033584095,0.05289435198047701,6,labeled_only,estimation_pool,PneumoniaMNIST_infer
autokeras_3,accuracy,0.9,0.85,0.050000000000000044,6,labeled_only,estimation_pool,PneumoniaMNIST_infer
autokeras_3,auc,1.0,0.9395639083139082,0.060436091686091764,6,labeled_only,estimation_pool,PneumoniaMNIST_infer
autokeras_3,auprc,1.0,0.939328122100526,0.060671877899474036,6,labeled_only,estimation_pool,PneumoniaMNIST_infer
autokeras_3,ece,0.08782528890993113,0.1406723116584457,0.05284702274851458,6,labeled_only,estimation_pool,PneumoniaMNIST_infer
automl_vision_1,accuracy,1.0,0.9404761904761905,0.059523809523809534,6,labeled_only,estimation_pool,PneumoniaMNIST_infer
automl_vision_1,auc,1.0,0.9924485236985238,0.007551476301476234,6,labeled_only,estimation_pool,PneumoniaMNIST_infer
automl_vision_1,auprc,1.0,0.9947876756666444,0.005212324333355611,6,labeled_only,estimation_pool,PneumoniaMNIST_infer
automl_vision_1,ece,0.09156862460076809,0.07712418343871837,0.014444441162049723,6,labeled_only,estimation_pool,PneumoniaMNIST_infer
automl_vision_2,accuracy,0.95,0.9428571428571428,0.0071428571428571175,6,labeled_only,estimation_pool,PneumoniaMNIST_infer
automl_vision_2,auc,1.0,0.9896076146076146,0.010392385392385406,6,labeled_only,estimation_pool,PneumoniaMNIST_infer
automl_vision_2,auprc,1.0,0.9911672866198661,0.008832713380133916,6,labeled_only,estimation_pool,PneumoniaMNIST_infer
automl_vision_2,ece,0.07549019651487474,0.055742291438203764,0.01974790507667097,6,labeled_only,estimation_pool,PneumoniaMNIST_infer
automl_vision_3,accuracy,0.95,0.9571428571428572,0.0071428571428572285,6,labeled_only,estimation_pool,PneumoniaMNIST_infer
automl_vision_3,auc,1.0,0.9894133644133644,0.01058663558663564,6,labeled_only,estimation_pool,PneumoniaMNIST_infer
automl_vision_3,auprc,1.0,0.991476416991604,0.008523583008395952,6,labeled_only,estimation_pool,PneumoniaMNIST_infer
automl_vision_3,ece,0.0358826539456352,0.03259546535017707,0.0032871885954581306,6,labeled_only,estimation_pool,PneumoniaMNIST_infer
resnet18_28_1,accuracy,0.816261565788904,0.8137254901960784,0.0025360755928255374,7,ssme,heldout,PneumoniaMNIST_infer
resnet18_28_1,auc,0.929372671506889,0.9492203118752499,0.019847640368360953,7,ssme,heldout,PneumoniaMNIST_infer
resnet18_28_1,auprc,0.917497381546215,0.9593999732509012,0.04190259170468624,7,ssme,heldout,PneumoniaMNIST_infer
resnet18_28_1,ece,0.1894597765046658,0.19512452086090537,0.005664744356239565,7,ssme,heldout,PneumoniaMNIST_infer
autokeras_1,accuracy,0.8773171335556721,0.8823529411764706,0.0050358076207984714,7,ssme,heldout,PneumoniaMNIST_infer
autokeras_1,auc,0.920417754818684,0.9369252299080367,0.016507475089352686,7,ssme,heldout,PneumoniaMNIST_infer
autokeras_1,auprc,0.900477567439862,0.9302777883940412,0.029800220954179224,7,ssme,heldout,PneumoniaMNIST_infer
autokeras_1,ece,0.11660763368838654,0.10659498036587979,0.010012653322506754,7,ssme,heldout,PneumoniaMNIST_infer
autokeras_2,accuracy,0.8767622514277881,0.8921568627450981,0.015394611317310014,7,ssme,heldout,PneumoniaMNIST_infer
autokeras_2,auc,0.933181211301529,0.972860855657737,0.039679644356207966,7,ssme,heldout,PneumoniaMNIST_infer
autokeras_2,auprc,0.9224477877349843,0.9806783829167524,0.0582305951817681,7,ssme,heldout,PneumoniaMNIST_infer
autokeras_2,ece,0.11854494913655797,0.10431053444281403,0.014234414693743938,7,ssme,heldout,PneumoniaMNIST_infer
autokeras_3,accuracy,0.8425112039980479,0.8529411764705882,0.010429972472540294,7,ssme,heldout,PneumoniaMNIST_infer
autokeras_3,auc,0.9201388613450585,0.9399240303878448,0.019785169042786266,7,ssme,heldout,PneumoniaMNIST_infer
autokeras_3,auprc,0.9010219896588585,0.936198494418325,0.03517650475946654,7,ssme,heldout,PneumoniaMNIST_infer
autokeras_3,ece,0.16056976086396574,0.15451496024506578,0.006054800618899958,7,ssme,heldout,PneumoniaMNIST_infer
automl_vision_1,accuracy,0.9073872126648446,0.9166666666666666,0.009279454001822063,7,ssme,heldout,PneumoniaMNIST_infer
automl_vision_1,auc,0.9425834290824295,0.9947021191523391,0.052118690069909546,7,ssme,heldout,PneumoniaMNIST_infer
automl_vision_1,auprc,0.937610151674768,0.9965142022665316,0.058904050591763624,7,ssme,heldout,PneumoniaMNIST_infer
automl_vision_1,ece,0.06881102121763288,0.09117647125294394,0.022365450035311055,7,ssme,heldout,PneumoniaMNIST_infer
automl_vision_2,accuracy,0.9085813482090662,0.9264705882352942,0.017889240026227937,7,ssme,heldout,PneumoniaMNIST_infer
automl_vision_2,auc,0.9349902874607038,0.9930027988804477,0.05801251141974395,7,ssme,heldout,PneumoniaMNIST_infer
automl_vision_2,auprc,0.9257715992114878,0.9940781425543038,0.06830654334281605,7,ssme,heldout,PneumoniaMNIST_infer
automl_vision_2,ece,0.0801772165742352,0.06539791616317343,0.014779300411061763,7,ssme,heldout,PneumoniaMNIST_infer
automl_vision_3,accuracy,0.9164685925319169,0.9362745098039216,0.019805917272004647,7,ssme,heldout,PneumoniaMNIST_infer
automl_vision_3,auc,0.9548019305205336,0.9885545781687326,0.03375264764819896,7,ssme,heldout,PneumoniaMNIST_infer
automl_vision_3,auprc,0.9541902759481619,0.9906443918274686,0.03645411587930669,7,ssme,heldout,PneumoniaMNIST_infer
automl_vision_3,ece,0.06612855334703434,0.05478624369227593,0.011342309654758409,7,ssme,heldout,PneumoniaMNIST_infer
resnet18_28_1,accuracy,0.75,0.8137254901960784,0.06372549019607843,7,labeled_only,heldout,PneumoniaMNIST_infer
resnet18_28_1,auc,0.9393939393939394,0.9492203118752499,0.009826372481310464,7,labeled_only,heldout,PneumoniaMNIST_infer
resnet18_28_1,auprc,0.947193967648513,0.9593999732509012,0.012206005602388159,7,labeled_only,heldout,PneumoniaMNIST_infer
resnet18_28_1,ece,0.25270915348082784,0.19512452086090537,0.05758463261992247,7,labeled_only,heldout,PneumoniaMNIST_infer
autokeras_1,accuracy,0.9,0.8823529411764706,0.01764705882352946,7,labeled_only,heldout,PneumoniaMNIST_infer
autokeras_1,auc,0.8838383838383839,0.9369252299080367,0.05308684606965286,7,labeled_only,heldout,PneumoniaMNIST_infer
autokeras_1,auprc,0.8023887728433181,0.9302777883940412,0.12788901555072307,7,labeled_only,heldout,PneumoniaMNIST_infer
autokeras_1,ece,0.14221020732151118,0.10659498036587979,0.03561522695563139,7,labeled_only,heldout,PneumoniaMNIST_infer
autokeras_2,accuracy,0.75,0.8921568627450981,0.1421568627450981,7,labeled_only,heldout,PneumoniaMNIST_infer
autokeras_2,auc,0.9141414141414141,0.972860855657737,0.0587194415163228,7,labeled_only,heldout,PneumoniaMNIST_infer
autokeras_2,auprc,0.8648596353141808,0.9806783829167524,0.1158187476025716,7,labeled_only,heldout,PneumoniaMNIST_infer
autokeras_2,ece,0.1898081626998753,0.10431053444281403,0.08549762825706127,7,labeled_only,heldout,PneumoniaMNIST_infer
autokeras_3,accuracy,0.85,0.8529411764705882,0.002941176470588225,7,labeled_only,heldout,PneumoniaMNIST_infer
autokeras_3,auc,0.8838383838383839,0.9399240303878448,0.05608564654946091,7,labeled_only,heldout,PneumoniaMNIST_infer
autokeras_3,auprc,0.8023887728433181,0.936198494418325,0.13380972157500692,7,labeled_only,heldout,PneumoniaMNIST_infer
autokeras_3,ece,0.18103489221615493,0.15451496024506578,0.02651993197108915,7,labeled_only,heldout,PneumoniaMNIST_infer
automl_vision_1,accuracy,0.9,0.9166666666666666,0.016666666666666607,7,labeled_only,heldout,PneumoniaMNIST_infer
automl_vision_1,auc,0.9848484848484848,0.9947021191523391,0.00985363430385433,7,labeled_only,heldout,PneumoniaMNIST_infer
automl_vision_1,auprc,0.984159779614325,0.9965142022665316,0.012354422652206654,7,labeled_only,heldout,PneumoniaMNIST_infer
automl_vision_1,ece,0.10058823954313996,0.09117647125294394,0.009411768290196021,7,labeled_only,heldout,PneumoniaMNIST_infer
automl_vision_2,accuracy,0.9,0.9264705882352942,0.026470588235294135,7,labeled_only,heldout,PneumoniaMNIST_infer
automl_vision_2,auc,0.9393939393939394,0.9930027988804477,0.05360885948650829,7,labeled_only,heldout,PneumoniaMNIST_infer
automl_vision_2,auprc,0.915289256198347,0.9940781425543038,0.07878888635595682,7,labeled_only,heldout,PneumoniaMNIST_infer
automl_vision_2,ece,0.10313725601881744,0.06539791616317343,0.03773933985564401,7,labeled_only,heldout,PneumoniaMNIST_infer
automl_vision_3,accuracy,0.9,0.9362745098039216,0.03627450980392155,7,labeled_only,heldout,PneumoniaMNIST_infer
automl_vision_3,auc,0.9646464646464646,0.9885545781687326,0.02390811352226796,7,labeled_only,heldout,PneumoniaMNIST_infer
automl_vision_3,auprc,0.9469696969696969,0.9906443918274686,0.043674694857771645,7,labeled_only,heldout,PneumoniaMNIST_infer
automl_vision_3,ece,0.07588215463481403,0.05478624369227593,0.0210959109425381,7,labeled_only,heldout,PneumoniaMNIST_infer
resnet18_28_1,accuracy,0.816261565788904,0.8428571428571429,0.026595577068238896,7,ssme,estimation_pool,PneumoniaMNIST_infer
resnet18_28_1,auc,0.929372671506889,0.9481539670070699,0.018781295500180928,7,ssme,estimation_pool,PneumoniaMNIST_infer
resnet18_28_1,auprc,0.917497381546215,0.9568358654964765,0.039338483950261516,7,ssme,estimation_pool,PneumoniaMNIST_infer
resnet18_28_1,ece,0.1894597765046658,0.1594620690965669,0.0299977074080989,7,ssme,estimation_pool,PneumoniaMNIST_infer
autokeras_1,accuracy,0.8773171335556721,0.8833333333333333,0.006016199777661213,7,ssme,estimation_pool,PneumoniaMNIST_infer
autokeras_1,auc,0.920417754818684,0.9419923409269442,0.02157458610826013,7,ssme,estimation_pool,PneumoniaMNIST_infer
autokeras_1,auprc,0.900477567439862,0.9470426790487217,0.04656511160885979,7,ssme,estimation_pool,PneumoniaMNIST_infer
autokeras_1,ece,0.11660763368838654,0.09194513636733151,0.024662497321055035,7,ssme,estimation_pool,PneumoniaMNIST_infer
autokeras_2,accuracy,0.8767622514277881,0.8904761904761904,0.013713939048402346,7,ssme,estimation_pool,PneumoniaMNIST_infer
autokeras_2,auc,0.933181211301529,0.9577891791044776,0.024607967802948605,7,ssme,estimation_pool,PneumoniaMNIST_infer
autokeras_2,auprc,0.9224477877349843,0.9680562995865287,0.045608511851544464,7,ssme,estimation_pool,PneumoniaMNIST_infer
autokeras_2,ece,0.11854494913655797,0.08848094476641355,0.03006400437014442,7,ssme,estimation_pool,PneumoniaMNIST_infer
autokeras_3,accuracy,0.8425112039980479,0.8595238095238096,0.01701260552576167,7,ssme,estimation_pool,PneumoniaMNIST_infer
autokeras_3,auc,0.9201388613450585,0.9397461704634721,0.019607309118413574,7,ssme,estimation_pool,PneumoniaMNIST_infer
autokeras_3,auprc,0.9010219896588585,0.9464749346203514,0.04545294496149288,7,ssme,estimation_pool,PneumoniaMNIST_infer
autokeras_3,ece,0.16056976086396574,0.13061145290605858,0.02995830795790716,7,ssme,estimation_pool,PneumoniaMNIST_infer
automl_vision_1,accuracy,0.9073872126648446,0.9476190476190476,0.040231834954203016,7,ssme,estimation_pool,PneumoniaMNIST_infer
automl_vision_1,auc,0.9425834290824295,0.9912730754124116,0.04868964632998207,7,ssme,estimation_pool,PneumoniaMNIST_infer
automl_vision_1,auprc,0.937610151674768,0.9939180770861759,0.05630792541140783,7,ssme,estimation_pool,PneumoniaMNIST_infer
automl_vision_1,ece,0.06881102121763288,0.0740336137602017,0.005222592542568821,7,ssme,estimation_pool,PneumoniaMNIST_infer
automl_vision_2,accuracy,0.9085813482090662,0.95,0.041418651790933736,7,ssme,estimation_pool,PneumoniaMNIST_infer
automl_vision_2,auc,0.9349902874607038,0.9917394933228594,0.056749205862155594,7,ssme,estimation_pool,PneumoniaMNIST_infer
automl_vision_2,auprc,0.9257715992114878,0.9933778865685269,0.06760628735703911,7,ssme,estimation_pool,PneumoniaMNIST_infer
automl_vision_2,ece,0.0801772165742352,0.049803920600781024,0.030373295973454173,7,ssme,estimation_pool,PneumoniaMNIST_infer
automl_vision_3,accuracy,0.9164685925319169,0.9523809523809523,0.0359123598490354,7,ssme,estimation_pool,PneumoniaMNIST_infer
automl_vision_3,auc,0.9548019305205336,0.9892846622152396,0.03448273169470595,7,ssme,estimation_pool,PneumoniaMNIST_infer
automl_vision_3,auprc,0.9541902759481619,0.9920655383471537,0.03787526239899186,7,ssme,estimation_pool,PneumoniaMNIST_infer
automl_vision_3,ece,0.06612855334703434,0.03175514607328507,0.03437340727374927,7,ssme,estimation_pool,PneumoniaMNIST_infer
resnet18_28_1,accuracy,0.75,0.8428571428571429,0.09285714285714286,7,labeled_only,estimation_pool,PneumoniaMNIST_infer
resnet18_28_1,auc,0.9393939393939394,0.9481539670070699,0.008760027613130439,7,labeled_only,estimation_pool,PneumoniaMNIST_infer
resnet18_28_1,auprc,0.947193967648513,0.9568358654964765,0.009641897847963432,7,labeled_only,estimation_pool,PneumoniaMNIST_infer
resnet18_28_1,ece,0.25270915348082784,0.1594620690965669,0.09324708438426094,7,labeled_only,estimation_pool,PneumoniaMNIST_infer
autokeras_1,accuracy,0.9,0.8833333333333333,0.01666666666666672,7,labeled_only,estimation_pool,PneumoniaMNIST_infer
autokeras_1,auc,0.8838383838383839,0.9419923409269442,0.058153957088560304,7,labeled_only,estimation_pool,PneumoniaMNIST_infer
autokeras_1,auprc,0.8023887728433181,0.9470426790487217,0.14465390620540364,7,labeled_only,estimation_pool,PneumoniaMNIST_infer
autokeras_1,ece,0.14221020732151118,0.09194513636733151,0.050265070954179675,7,labeled_only,estimation_pool,PneumoniaMNIST_infer
autokeras_2,accuracy,0.75,0.8904761904761904,0.14047619047619042,7,labeled_only,estimation_pool,PneumoniaMNIST_infer
autokeras_2,auc,0.9141414141414141,0.9577891791044776,0.04364776496306344,7,labeled_only,estimation_pool,PneumoniaMNIST_infer
autokeras_2,auprc,0.8648596353141808,0.9680562995865287,0.10319666427234797,7,labeled_only,estimation_pool,PneumoniaMNIST_infer
autokeras_2,ece,0.1898081626998753,0.08848094476641355,0.10132721793346175,7,labeled_only,estimation_pool,PneumoniaMNIST_infer
autokeras_3,accuracy,0.85,0.8595238095238096,0.009523809523809601,7,labeled_only,estimation_pool,PneumoniaMNIST_infer
autokeras_3,auc,0.8838383838383839,0.9397461704634721,0.05590778662508822,7,labeled_only,estimation_pool,PneumoniaMNIST_infer
autokeras_3,auprc,0.8023887728433181,0.9464749346203514,0.14408616177703326,7,labeled_only,estimation_pool,PneumoniaMNIST_infer
autokeras_3,ece,0.18103489221615493,0.13061145290605858,0.05042343931009635,7,labeled_only,estimation_pool,PneumoniaMNIST_infer
automl_vision_1,accuracy,0.9,0.9476190476190476,0.04761904761904756,7,labeled_only,estimation_pool,PneumoniaMNIST_infer
automl_vision_1,auc,0.9848484848484848,0.9912730754124116,0.0064245905639268575,7,labeled_only,estimation_pool,PneumoniaMNIST_infer
automl_vision_1,auprc,0.984159779614325,0.9939180770861759,0.009758297471850863,7,labeled_only,estimation_pool,PneumoniaMNIST_infer
automl_vision_1,ece,0.10058823954313996,0.0740336137602017,0.026554625782938254,7,labeled_only,estimation_pool,PneumoniaMNIST_infer
automl_vision_2,accuracy,0.9,0.95,0.04999999999999993,7,labeled_only,estimation_pool,PneumoniaMNIST_infer
automl_vision_2,auc,0.9393939393939394,0.9917394933228594,0.05234555392891993,7,labeled_only,estimation_pool,PneumoniaMNIST_infer
automl_vision_2,auprc,0.915289256198347,0.9933778865685269,0.07808863037017988,7,labeled_only,estimation_pool,PneumoniaMNIST_infer
automl_vision_2,ece,0.10313725601881744,0.049803920600781024,0.05333333541803642,7,labeled_only,estimation_pool,PneumoniaMNIST_infer
automl_vision_3,accuracy,0.9,0.9523809523809523,0.052380952380952306,7,labeled_only,estimation_pool,PneumoniaMNIST_infer
automl_vision_3,auc,0.9646464646464646,0.9892846622152396,0.024638197568774944,7,labeled_only,estimation_pool,PneumoniaMNIST_infer
automl_vision_3,auprc,0.9469696969696969,0.9920655383471537,0.04509584137745681,7,labeled_only,estimation_pool,PneumoniaMNIST_infer
automl_vision_3,ece,0.07588215463481403,0.03175514607328507,0.04412700856152896,7,labeled_only,estimation_pool,PneumoniaMNIST_infer
resnet18_28_1,accuracy,0.8587431520921339,0.8382352941176471,0.020507857974486843,8,ssme,heldout,PneumoniaMNIST_infer
resnet18_28_1,auc,0.9777582715747742,0.9350746268656717,0.042683644709102575,8,ssme,heldout,PneumoniaMNIST_infer
resnet18_28_1,auprc,0.9871294240060667,0.9435914698957089,0.04353795411035788,8,ssme,heldout,PneumoniaMNIST_infer
resnet18_28_1,ece,0.14528707047033376,0.1591417157295871,0.01385464525925334,8,ssme,heldout,PneumoniaMNIST_infer
autokeras_1,accuracy,0.9116883661330287,0.8970588235294118,0.01462954260361693,8,ssme,heldout,PneumoniaMNIST_infer
autokeras_1,auc,0.9794817113848319,0.9401918976545842,0.03928981373024765,8,ssme,heldout,PneumoniaMNIST_infer
autokeras_1,auprc,0.9873073648080906,0.9440584175013301,0.04324894730676043,8,ssme,heldout,PneumoniaMNIST_infer
autokeras_1,ece,0.0663307515028228,0.10116548141880778,0.03483472991598498,8,ssme,heldout,PneumoniaMNIST_infer
autokeras_2,accuracy,0.928965624375159,0.8774509803921569,0.051514643983002095,8,ssme,heldout,PneumoniaMNIST_infer
autokeras_2,auc,0.9879552267869863,0.9559168443496802,0.03203838243730617,8,ssme,heldout,PneumoniaMNIST_infer
autokeras_2,auprc,0.9933899821727461,0.9688684384103957,0.024521543762350384,8,ssme,heldout,PneumoniaMNIST_infer
autokeras_2,ece,0.06125504591405358,0.09866697849916148,0.0374119325851079,8,ssme,heldout,PneumoniaMNIST_infer
autokeras_3,accuracy,0.8844569265140938,0.8725490196078431,0.011907906906250654,8,ssme,heldout,PneumoniaMNIST_infer
autokeras_3,auc,0.9784300241352196,0.9392324093816632,0.03919761475355643,8,ssme,heldout,PneumoniaMNIST_infer
autokeras_3,auprc,0.9865883080174932,0.9438919346370078,0.042696373380485375,8,ssme,heldout,PneumoniaMNIST_infer
autokeras_3,ece,0.11160811792562976,0.12837982325365177,0.01677170532802201,8,ssme,heldout,PneumoniaMNIST_infer
automl_vision_1,accuracy,0.9497034071776029,0.9264705882352942,0.023232818942308775,8,ssme,heldout,PneumoniaMNIST_infer
automl_vision_1,auc,0.9884950200744105,0.9901385927505331,0.0016435726761225844,8,ssme,heldout,PneumoniaMNIST_infer
automl_vision_1,auprc,0.9925796691486972,0.9936527910513414,0.0010731219026441918,8,ssme,heldout,PneumoniaMNIST_infer
automl_vision_1,ece,0.059645378247967826,0.07568243040027567,0.016037052152307843,8,ssme,heldout,PneumoniaMNIST_infer
automl_vision_2,accuracy,0.9449608952052407,0.9411764705882353,0.003784424617005455,8,ssme,heldout,PneumoniaMNIST_infer
automl_vision_2,auc,0.9874345187026415,0.9912046908315565,0.0037701721289149503,8,ssme,heldout,PneumoniaMNIST_infer
automl_vision_2,auprc,0.9919322431165359,0.9936923069045274,0.0017600637879914283,8,ssme,heldout,PneumoniaMNIST_infer
automl_vision_2,ece,0.03244239375329106,0.06089965569987599,0.028457261946584926,8,ssme,heldout,PneumoniaMNIST_infer
automl_vision_3,accuracy,0.9519411550946802,0.9509803921568627,0.0009607629378175497,8,ssme,heldout,PneumoniaMNIST_infer
automl_vision_3,auc,0.987142944251799,0.9934434968017057,0.0063005525499066906,8,ssme,heldout,PneumoniaMNIST_infer
automl_vision_3,auprc,0.9921951832145743,0.9955358290401842,0.003340645825609889,8,ssme,heldout,PneumoniaMNIST_infer
automl_vision_3,ece,0.028578461742992358,0.04059950535971554,0.012021043616723185,8,ssme,heldout,PneumoniaMNIST_infer
resnet18_28_1,accuracy,0.9,0.8382352941176471,0.061764705882352944,8,labeled_only,heldout,PneumoniaMNIST_infer
resnet18_28_1,auc,1.0,0.9350746268656717,0.06492537313432833,8,labeled_only,heldout,PneumoniaMNIST_infer
resnet18_28_1,auprc,0.9999999999999999,0.9435914698957089,0.05640853010429103,8,labeled_only,heldout,PneumoniaMNIST_infer
resnet18_28_1,ece,0.11141147705966432,0.1591417157295871,0.04773023866992278,8,labeled_only,heldout,PneumoniaMNIST_infer
autokeras_1,accuracy,0.9,0.8970588235294118,0.002941176470588225,8,labeled_only,heldout,PneumoniaMNIST_infer
autokeras_1,auc,0.9880952380952381,0.9401918976545842,0.04790334044065392,8,labeled_only,heldout,PneumoniaMNIST_infer
autokeras_1,auprc,0.9952380952380953,0.9440584175013301,0.05117967773676513,8,labeled_only,heldout,PneumoniaMNIST_infer
autokeras_1,ece,0.06889565715970347,0.10116548141880778,0.03226982425910431,8,labeled_only,heldout,PneumoniaMNIST_infer
autokeras_2,accuracy,1.0,0.8774509803921569,0.12254901960784315,8,labeled_only,heldout,PneumoniaMNIST_infer
autokeras_2,auc,1.0,0.9559168443496802,0.04408315565031984,8,labeled_only,heldout,PneumoniaMNIST_infer
autokeras_2,auprc,1.0,0.9688684384103957,0.031131561589604284,8,labeled_only,heldout,PneumoniaMNIST_infer
autokeras_2,ece,0.04573341812671946,0.09866697849916148,0.05293356037244202,8,labeled_only,heldout,PneumoniaMNIST_infer
autokeras_3,accuracy,0.85,0.8725490196078431,0.022549019607843168,8,labeled_only,heldout,PneumoniaMNIST_infer
autokeras_3,auc,0.9761904761904763,0.9392324093816632,0.036958066808813084,8,labeled_only,heldout,PneumoniaMNIST_infer
autokeras_3,auprc,0.9910714285714286,0.9438919346370078,0.04717949393442078,8,labeled_only,heldout,PneumoniaMNIST_infer
autokeras_3,ece,0.10821795826271882,0.12837982325365177,0.02016186499093295,8,labeled_only,heldout,PneumoniaMNIST_infer
automl_vision_1,accuracy,1.0,0.9264705882352942,0.07352941176470584,8,labeled_only,heldout,PneumoniaMNIST_infer
automl_vision_1,auc,1.0,0.9901385927505331,0.009861407249466936,8,labeled_only,heldout,PneumoniaMNIST_infer
automl_vision_1,auprc,1.0,0.9936527910513414,0.006347208948658589,8,labeled_only,heldout,PneumoniaMNIST_infer
automl_vision_1,ece,0.06588235218077898,0.07568243040027567,0.009800078219496688,8,labeled_only,heldout,PneumoniaMNIST_infer
automl_vision_2,accuracy,1.0,0.9411764705882353,0.05882352941176472,8,labeled_only,heldout,PneumoniaMNIST_infer
automl_vision_2,auc,1.0,0.9912046908315565,0.00879530916844351,8,labeled_only,heldout,PneumoniaMNIST_infer
automl_vision_2,auprc,1.0,0.9936923069045274,0.006307693095472633,8,labeled_only,heldout,PneumoniaMNIST_infer
automl_vision_2,ece,0.025882353074848652,0.06089965569987599,0.035017302625027336,8,labeled_only,heldout,PneumoniaMNIST_infer
automl_vision_3,accuracy,1.0,0.9509803921568627,0.0490196078431373,8,labeled_only,heldout,PneumoniaMNIST_infer
automl_vision_3,auc,1.0,0.9934434968017057,0.006556503198294261,8,labeled_only,heldout,PneumoniaMNIST_infer
automl_vision_3,auprc,1.0,0.9955358290401842,0.004464170959815772,8,labeled_only,heldout,PneumoniaMNIST_infer
automl_vision_3,ece,0.005882802869957526,0.04059950535971554,0.034716702489758014,8,labeled_only,heldout,PneumoniaMNIST_infer
resnet18_28_1,accuracy,0.8587431520921339,0.830952380952381,0.027790771139752923,8,ssme,estimation_pool,PneumoniaMNIST_infer
resnet18_28_1,auc,0.9777582715747742,0.952612900152439,0.025145371422335194,8,ssme,estimation_pool,PneumoniaMNIST_infer
resnet18_28_1,auprc,0.9871294240060667,0.9627405718900927,0.02438885211597408,8,ssme,estimation_pool,PneumoniaMNIST_infer
resnet18_28_1,ece,0.14528707047033376,0.17693943158892145,0.031652361118587685,8,ssme,estimation_pool,PneumoniaMNIST_infer
autokeras_1,accuracy,0.9116883661330287,0.8761904761904762,0.03549788994255254,8,ssme,estimation_pool,PneumoniaMNIST_infer
autokeras_1,auc,0.9794817113848319,0.9396079458841463,0.039873765500685554,8,ssme,estimation_pool,PneumoniaMNIST_infer
autokeras_1,auprc,0.9873073648080906,0.9398229182892073,0.04748444651888328,8,ssme,estimation_pool,PneumoniaMNIST_infer
autokeras_1,ece,0.0663307515028228,0.09501416829102687,0.02868341678820406,8,ssme,estimation_pool,PneumoniaMNIST_infer
autokeras_2,accuracy,0.928965624375159,0.8976190476190476,0.0313465767561113,8,ssme,estimation_pool,PneumoniaMNIST_infer
autokeras_2,auc,0.9879552267869863,0.9653796684451219,0.02257555834186442,8,ssme,estimation_pool,PneumoniaMNIST_infer
autokeras_2,auprc,0.9933899821727461,0.9736330619173862,0.01975692025535991,8,ssme,estimation_pool,PneumoniaMNIST_infer
autokeras_2,ece,0.06125504591405358,0.09150480335382144,0.030249757439767863,8,ssme,estimation_pool,PneumoniaMNIST_infer
autokeras_3,accuracy,0.8844569265140938,0.85,0.03445692651409382,8,ssme,estimation_pool,PneumoniaMNIST_infer
autokeras_3,auc,0.9784300241352196,0.9392744855182927,0.03915553861692689,8,ssme,estimation_pool,PneumoniaMNIST_infer
autokeras_3,auprc,0.9865883080174932,0.942318674868177,0.0442696331493162,8,ssme,estimation_pool,PneumoniaMNIST_infer
autokeras_3,ece,0.11160811792562976,0.1433056623018883,0.03169754437625853,8,ssme,estimation_pool,PneumoniaMNIST_infer
automl_vision_1,accuracy,0.9497034071776029,0.9428571428571428,0.006846264320460094,8,ssme,estimation_pool,PneumoniaMNIST_infer
automl_vision_1,auc,0.9884950200744105,0.9935689786585366,0.00507395858412607,8,ssme,estimation_pool,PneumoniaMNIST_infer
automl_vision_1,auprc,0.9925796691486972,0.9952745238981157,0.0026948547494184405,8,ssme,estimation_pool,PneumoniaMNIST_infer
automl_vision_1,ece,0.059645378247967826,0.08155929074578347,0.021913912497815644,8,ssme,estimation_pool,PneumoniaMNIST_infer
automl_vision_2,accuracy,0.9449608952052407,0.9428571428571428,0.002103752348097898,8,ssme,estimation_pool,PneumoniaMNIST_infer
automl_vision_2,auc,0.9874345187026415,0.9920207698170731,0.004586251114431561,8,ssme,estimation_pool,PneumoniaMNIST_infer
automl_vision_2,auprc,0.9919322431165359,0.9931331586903149,0.0012009155737789934,8,ssme,estimation_pool,PneumoniaMNIST_infer
automl_vision_2,ece,0.03244239375329106,0.05000933149469071,0.017566937741399648,8,ssme,estimation_pool,PneumoniaMNIST_infer
automl_vision_3,accuracy,0.9519411550946802,0.9452380952380952,0.006703059856585036,8,ssme,estimation_pool,PneumoniaMNIST_infer
automl_vision_3,auc,0.987142944251799,0.9864353086890244,0.0007076355627746445,8,ssme,estimation_pool,PneumoniaMNIST_infer
automl_vision_3,auprc,0.9921951832145743,0.9889861639011879,0.003209019313386463,8,ssme,estimation_pool,PneumoniaMNIST_infer
automl_vision_3,ece,0.028578461742992358,0.04251134111188186,0.013932879368889501,8,ssme,estimation_pool,PneumoniaMNIST_infer
resnet18_28_1,accuracy,0.9,0.830952380952381,0.06904761904761902,8,labeled_only,estimation_pool,PneumoniaMNIST_infer
resnet18_28_1,auc,1.0,0.952612900152439,0.047387099847560954,8,labeled_only,estimation_pool,PneumoniaMNIST_infer
resnet18_28_1,auprc,0.9999999999999999,0.9627405718900927,0.03725942810990723,8,labeled_only,estimation_pool,PneumoniaMNIST_infer
resnet18_28_1,ece,0.11141147705966432,0.17693943158892145,0.06552795452925712,8,labeled_only,estimation_pool,PneumoniaMNIST_infer
autokeras_1,accuracy,0.9,0.8761904761904762,0.023809523809523836,8,labeled_only,estimation_pool,PneumoniaMNIST_infer
autokeras_1,auc,0.9880952380952381,0.9396079458841463,0.048487292211091826,8,labeled_only,estimation_pool,PneumoniaMNIST_infer
autokeras_1,auprc,0.9952380952380953,0.9398229182892073,0.05541517694888798,8,labeled_only,estimation_pool,PneumoniaMNIST_infer
autokeras_1,ece,0.06889565715970347,0.09501416829102687,0.026118511131323394,8,labeled_only,estimation_pool,PneumoniaMNIST_infer
autokeras_2,accuracy,1.0,0.8976190476190476,0.10238095238095235,8,labeled_only,estimation_pool,PneumoniaMNIST_infer
autokeras_2,auc,1.0,0.9653796684451219,0.03462033155487809,8,labeled_only,estimation_pool,PneumoniaMNIST_infer
autokeras_2,auprc,1.0,0.9736330619173862,0.02636693808261381,8,labeled_only,estimation_pool,PneumoniaMNIST_infer
autokeras_2,ece,0.04573341812671946,0.09150480335382144,0.04577138522710198,8,labeled_only,estimation_pool,PneumoniaMNIST_infer
autokeras_3,accuracy,0.85,0.85,0.0,8,labeled_only,estimation_pool,PneumoniaMNIST_infer
autokeras_3,auc,0.9761904761904763,0.9392744855182927,0.03691599067218354,8,labeled_only,estimation_pool,PneumoniaMNIST_infer
autokeras_3,auprc,0.9910714285714286,0.942318674868177,0.048752753703251606,8,labeled_only,estimation_pool,PneumoniaMNIST_infer
autokeras_3,ece,0.10821795826271882,0.1433056623018883,0.03508770403916947,8,labeled_only,estimation_pool,PneumoniaMNIST_infer
automl_vision_1,accuracy,1.0,0.9428571428571428,0.05714285714285716,8,labeled_only,estimation_pool,PneumoniaMNIST_infer
automl_vision_1,auc,1.0,0.9935689786585366,0.00643102134146345,8,labeled_only,estimation_pool,PneumoniaMNIST_infer
automl_vision_1,auprc,1.0,0.9952745238981157,0.0047254761018843405,8,labeled_only,estimation_pool,PneumoniaMNIST_infer
automl_vision_1,ece,0.06588235218077898,0.08155929074578347,0.01567693856500449,8,labeled_only,estimation_pool,PneumoniaMNIST_infer
automl_vision_2,accuracy,1.0,0.9428571428571428,0.05714285714285716,8,labeled_only,estimation_pool,PneumoniaMNIST_infer
automl_vision_2,auc,1.0,0.9920207698170731,0.0079792301829269,8,labeled_only,estimation_pool,PneumoniaMNIST_infer
automl_vision_2,auprc,1.0,0.9931331586903149,0.006866841309685068,8,labeled_only,estimation_pool,PneumoniaMNIST_infer
automl_vision_2,ece,0.025882353074848652,0.05000933149469071,0.024126978419842057,8,labeled_only,estimation_pool,PneumoniaMNIST_infer
automl_vision_3,accuracy,1.0,0.9452380952380952,0.05476190476190479,8,labeled_only,estimation_pool,PneumoniaMNIST_infer
automl_vision_3,auc,1.0,0.9864353086890244,0.013564691310975596,8,labeled_only,estimation_pool,PneumoniaMNIST_infer
automl_vision_3,auprc,1.0,0.9889861639011879,0.011013836098812124,8,labeled_only,estimation_pool,PneumoniaMNIST_infer
automl_vision_3,ece,0.005882802869957526,0.04251134111188186,0.03662853824192433,8,labeled_only,estimation_pool,PneumoniaMNIST_infer
resnet18_28_1,accuracy,0.8621494259819006,0.8333333333333334,0.028816092648567215,9,ssme,heldout,PneumoniaMNIST_infer
resnet18_28_1,auc,0.9836729099591295,0.9252665245202559,0.058406385438873554,9,ssme,heldout,PneumoniaMNIST_infer
resnet18_28_1,auprc,0.9904768314997117,0.9400918143737667,0.05038501712594501,9,ssme,heldout,PneumoniaMNIST_infer
resnet18_28_1,ece,0.1477541104076604,0.16359883688182536,0.01584472647416496,9,ssme,heldout,PneumoniaMNIST_infer
autokeras_1,accuracy,0.9263281527667153,0.8578431372549019,0.06848501551181341,9,ssme,heldout,PneumoniaMNIST_infer
autokeras_1,auc,0.9875543017416806,0.9113006396588486,0.07625366208283202,9,ssme,heldout,PneumoniaMNIST_infer
autokeras_1,auprc,0.9918262513542331,0.9173571970593815,0.07446905429485162,9,ssme,heldout,PneumoniaMNIST_infer
autokeras_1,ece,0.06946379553703194,0.12205179100967808,0.05258799547264614,9,ssme,heldout,PneumoniaMNIST_infer
autokeras_2,accuracy,0.9307679008227507,0.8823529411764706,0.048414959646280176,9,ssme,heldout,PneumoniaMNIST_infer
autokeras_2,auc,0.9929426012382768,0.9359808102345415,0.05696179100373533,9,ssme,heldout,PneumoniaMNIST_infer
autokeras_2,auprc,0.9957676282849505,0.9533283842785254,0.04243924400642507,9,ssme,heldout,PneumoniaMNIST_infer
autokeras_2,ece,0.06870740568619754,0.09265363934257431,0.02394623365637677,9,ssme,heldout,PneumoniaMNIST_infer
autokeras_3,accuracy,0.8877934779714823,0.8529411764705882,0.034852301500894134,9,ssme,heldout,PneumoniaMNIST_infer
autokeras_3,auc,0.9886951916247453,0.9084754797441364,0.08021971188060883,9,ssme,heldout,PneumoniaMNIST_infer
autokeras_3,auprc,0.9925027976988567,0.9164086040991644,0.07609419359969238,9,ssme,heldout,PneumoniaMNIST_infer
autokeras_3,ece,0.11620157187547699,0.1288791834607579,0.012677611585280926,9,ssme,heldout,PneumoniaMNIST_infer
automl_vision_1,accuracy,0.9490944243114405,0.946078431372549,0.003015992938891543,9,ssme,heldout,PneumoniaMNIST_infer
automl_vision_1,auc,0.9932159617950425,0.984221748400853,0.008994213394189488,9,ssme,heldout,PneumoniaMNIST_infer
automl_vision_1,auprc,0.9957222504070583,0.9894722755638106,0.006249974843247741,9,ssme,heldout,PneumoniaMNIST_infer
automl_vision_1,ece,0.07140046733937087,0.06772395190508927,0.003676515434281602,9,ssme,heldout,PneumoniaMNIST_infer
automl_vision_2,accuracy,0.9436078061245442,0.9313725490196079,0.012235257104936337,9,ssme,heldout,PneumoniaMNIST_infer
automl_vision_2,auc,0.9911449346799386,0.9801172707889125,0.011027663891026052,9,ssme,heldout,PneumoniaMNIST_infer
automl_vision_2,auprc,0.9942803506529149,0.9850161730914042,0.009264177561510656,9,ssme,heldout,PneumoniaMNIST_infer
automl_vision_2,ece,0.03806134626497083,0.05715109249146952,0.019089746226498686,9,ssme,heldout,PneumoniaMNIST_infer
automl_vision_3,accuracy,0.9596065493275492,0.9313725490196079,0.02823400030794132,9,ssme,heldout,PneumoniaMNIST_infer
automl_vision_3,auc,0.9917559114803705,0.9807036247334754,0.011052286746895068,9,ssme,heldout,PneumoniaMNIST_infer
automl_vision_3,auprc,0.9947293323653801,0.9873087978516546,0.007420534513725485,9,ssme,heldout,PneumoniaMNIST_infer
automl_vision_3,ece,0.023010415057517896,0.049826637648140326,0.02681622259062243,9,ssme,heldout,PneumoniaMNIST_infer
resnet18_28_1,accuracy,0.75,0.8333333333333334,0.08333333333333337,9,labeled_only,heldout,PneumoniaMNIST_infer
resnet18_28_1,auc,1.0,0.9252665245202559,0.07473347547974407,9,labeled_only,heldout,PneumoniaMNIST_infer
resnet18_28_1,auprc,1.0,0.9400918143737667,0.059908185626233346,9,labeled_only,heldout,PneumoniaMNIST_infer
resnet18_28_1,ece,0.24927124110981824,0.16359883688182536,0.08567240422799288,9,labeled_only,heldout,PneumoniaMNIST_infer
autokeras_1,accuracy,0.8,0.8578431372549019,0.057843137254901866,9,labeled_only,heldout,PneumoniaMNIST_infer
autokeras_1,auc,0.9791666666666666,0.9113006396588486,0.06786602700781807,9,labeled_only,heldout,PneumoniaMNIST_infer
autokeras_1,auprc,0.9866452991452993,0.9173571970593815,0.06928810208591785,9,labeled_only,heldout,PneumoniaMNIST_infer
autokeras_1,ece,0.1654826962912921,0.12205179100967808,0.043430905281614,9,labeled_only,heldout,PneumoniaMNIST_infer
autokeras_2,accuracy,0.8,0.8823529411764706,0.08235294117647052,9,labeled_only,heldout,PneumoniaMNIST_infer
autokeras_2,auc,1.0,0.9359808102345415,0.0640191897654585,9,labeled_only,heldout,PneumoniaMNIST_infer
autokeras_2,auprc,1.0,0.9533283842785254,0.0466716157214746,9,labeled_only,heldout,PneumoniaMNIST_infer
autokeras_2,ece,0.13019773683398705,0.09265363934257431,0.03754409749141274,9,labeled_only,heldout,PneumoniaMNIST_infer
autokeras_3,accuracy,0.75,0.8529411764705882,0.1029411764705882,9,labeled_only,heldout,PneumoniaMNIST_infer
autokeras_3,auc,1.0,0.9084754797441364,0.09152452025586355,9,labeled_only,heldout,PneumoniaMNIST_infer
autokeras_3,auprc,1.0,0.9164086040991644,0.08359139590083564,9,labeled_only,heldout,PneumoniaMNIST_infer
autokeras_3,ece,0.21894482417847028,0.1288791834607579,0.09006564071771236,9,labeled_only,heldout,PneumoniaMNIST_infer
automl_vision_1,accuracy,0.95,0.946078431372549,0.0039215686274509665,9,labeled_only,heldout,PneumoniaMNIST_infer
automl_vision_1,auc,1.0,0.984221748400853,0.01577825159914703,9,labeled_only,heldout,PneumoniaMNIST_infer
automl_vision_1,auprc,1.0,0.9894722755638106,0.010527724436189434,9,labeled_only,heldout,PneumoniaMNIST_infer
automl_vision_1,ece,0.09941176455467937,0.06772395190508927,0.0316878126495901,9,labeled_only,heldout,PneumoniaMNIST_infer
automl_vision_2,accuracy,0.95,0.9313725490196079,0.01862745098039209,9,labeled_only,heldout,PneumoniaMNIST_infer
automl_vision_2,auc,1.0,0.9801172707889125,0.01988272921108747,9,labeled_only,heldout,PneumoniaMNIST_infer
automl_vision_2,auprc,1.0,0.9850161730914042,0.014983826908595788,9,labeled_only,heldout,PneumoniaMNIST_infer
automl_vision_2,ece,0.054117646999657175,0.05715109249146952,0.0030334454918123435,9,labeled_only,heldout,PneumoniaMNIST_infer
automl_vision_3,accuracy,1.0,0.9313725490196079,0.06862745098039214,9,labeled_only,heldout,PneumoniaMNIST_infer
automl_vision_3,auc,1.0,0.9807036247334754,0.019296375266524612,9,labeled_only,heldout,PneumoniaMNIST_infer
automl_vision_3,auprc,1.0,0.9873087978516546,0.012691202148345404,9,labeled_only,heldout,PneumoniaMNIST_infer
automl_vision_3,ece,0.00862785072226969,0.049826637648140326,0.04119878692587064,9,labeled_only,heldout,PneumoniaMNIST_infer
resnet18_28_1,accuracy,0.8621494259819006,0.8333333333333334,0.028816092648567215,9,ssme,estimation_pool,PneumoniaMNIST_infer
resnet18_28_1,auc,0.9836729099591295,0.9581745426829268,0.025498367276202694,9,ssme,estimation_pool,PneumoniaMNIST_infer
resnet18_28_1,auprc,0.9904768314997117,0.9662528024782451,0.024224029021466587,9,ssme,estimation_pool,PneumoniaMNIST_infer
resnet18_28_1,ece,0.1477541104076604,0.17477454417211996,0.02702043376445956,9,ssme,estimation_pool,PneumoniaMNIST_infer
autokeras_1,accuracy,0.9263281527667153,0.8952380952380953,0.03109005752862004,9,ssme,estimation_pool,PneumoniaMNIST_infer
autokeras_1,auc,0.9875543017416806,0.9513624237804877,0.03619187796119283,9,ssme,estimation_pool,PneumoniaMNIST_infer
autokeras_1,auprc,0.9918262513542331,0.9534894961462106,0.03833675520802249,9,ssme,estimation_pool,PneumoniaMNIST_infer
autokeras_1,ece,0.06946379553703194,0.09630432850096707,0.026840532963935126,9,ssme,estimation_pool,PneumoniaMNIST_infer
autokeras_2,accuracy,0.9307679008227507,0.8952380952380953,0.03552980558465546,9,ssme,estimation_pool,PneumoniaMNIST_infer
autokeras_2,auc,0.9929426012382768,0.9749904725609757,0.017952128677301116,9,ssme,estimation_pool,PneumoniaMNIST_infer
autokeras_2,auprc,0.9957676282849505,0.9826661449021507,0.013101483382799817,9,ssme,estimation_pool,PneumoniaMNIST_infer
autokeras_2,ece,0.06870740568619754,0.09561473588497674,0.026907330198779195,9,ssme,estimation_pool,PneumoniaMNIST_infer
autokeras_3,accuracy,0.8877934779714823,0.8595238095238096,0.028269668447672758,9,ssme,estimation_pool,PneumoniaMNIST_infer
autokeras_3,auc,0.9886951916247453,0.9524938071646342,0.03620138446011112,9,ssme,estimation_pool,PneumoniaMNIST_infer
autokeras_3,auprc,0.9925027976988567,0.9561653754161503,0.03633742228270642,9,ssme,estimation_pool,PneumoniaMNIST_infer
autokeras_3,ece,0.11620157187547699,0.1431847118034904,0.02698313992801342,9,ssme,estimation_pool,PneumoniaMNIST_infer
automl_vision_1,accuracy,0.9490944243114405,0.9333333333333333,0.015761090978107184,9,ssme,estimation_pool,PneumoniaMNIST_infer
automl_vision_1,auc,0.9932159617950425,0.9960818407012195,0.002865878906177066,9,ssme,estimation_pool,PneumoniaMNIST_infer
automl_vision_1,auprc,0.9957222504070583,0.997466487627833,0.0017442372207746581,9,ssme,estimation_pool,PneumoniaMNIST_infer
automl_vision_1,ece,0.07140046733937087,0.0877591043444616,0.01635863700509073,9,ssme,estimation_pool,PneumoniaMNIST_infer
automl_vision_2,accuracy,0.9436078061245442,0.9476190476190476,0.004011241494503381,9,ssme,estimation_pool,PneumoniaMNIST_infer
automl_vision_2,auc,0.9911449346799386,0.9969512195121951,0.005806284832256536,9,ssme,estimation_pool,PneumoniaMNIST_infer
automl_vision_2,auprc,0.9942803506529149,0.9980358834577571,0.0037555328048421988,9,ssme,estimation_pool,PneumoniaMNIST_infer
automl_vision_2,ece,0.03806134626497083,0.052801117404134235,0.014739771139163402,9,ssme,estimation_pool,PneumoniaMNIST_infer
automl_vision_3,accuracy,0.9596065493275492,0.9547619047619048,0.004844644565644374,9,ssme,estimation_pool,PneumoniaMNIST_infer
automl_vision_3,auc,0.9917559114803705,0.9919969512195123,0.00024103973914180177,9,ssme,estimation_pool,PneumoniaMNIST_infer
automl_vision_3,auprc,0.9947293323653801,0.9933640318974277,0.0013653004679523573,9,ssme,estimation_pool,PneumoniaMNIST_infer
automl_vision_3,ece,0.023010415057517896,0.03485506448801095,0.011844649430493053,9,ssme,estimation_pool,PneumoniaMNIST_infer
resnet18_28_1,accuracy,0.75,0.8333333333333334,0.08333333333333337,9,labeled_only,estimation_pool,PneumoniaMNIST_infer
resnet18_28_1,auc,1.0,0.9581745426829268,0.04182545731707321,9,labeled_only,estimation_pool,PneumoniaMNIST_infer
resnet18_28_1,auprc,1.0,0.9662528024782451,0.033747197521754924,9,labeled_only,estimation_pool,PneumoniaMNIST_infer
resnet18_28_1,ece,0.24927124110981824,0.17477454417211996,0.07449669693769828,9,labeled_only,estimation_pool,PneumoniaMNIST_infer
autokeras_1,accuracy,0.8,0.8952380952380953,0.09523809523809523,9,labeled_only,estimation_pool,PneumoniaMNIST_infer
autokeras_1,auc,0.9791666666666666,0.9513624237804877,0.027804242886178887,9,labeled_only,estimation_pool,PneumoniaMNIST_infer
autokeras_1,auprc,0.9866452991452993,0.9534894961462106,0.03315580299908871,9,labeled_only,estimation_pool,PneumoniaMNIST_infer
autokeras_1,ece,0.1654826962912921,0.09630432850096707,0.06917836779032502,9,labeled_only,estimation_pool,PneumoniaMNIST_infer
autokeras_2,accuracy,0.8,0.8952380952380953,0.09523809523809523,9,labeled_only,estimation_pool,PneumoniaMNIST_infer
autokeras_2,auc,1.0,0.9749904725609757,0.025009527439024293,9,labeled_only,estimation_pool,PneumoniaMNIST_infer
autokeras_2,auprc,1.0,0.9826661449021507,0.01733385509784935,9,labeled_only,estimation_pool,PneumoniaMNIST_infer
autokeras_2,ece,0.13019773683398705,0.09561473588497674,0.03458300094901032,9,labeled_only,estimation_pool,PneumoniaMNIST_infer
autokeras_3,accuracy,0.75,0.8595238095238096,0.10952380952380958,9,labeled_only,estimation_pool,PneumoniaMNIST_infer
autokeras_3,auc,1.0,0.9524938071646342,0.047506192835365835,9,labeled_only,estimation_pool,PneumoniaMNIST_infer
autokeras_3,auprc,1.0,0.9561653754161503,0.04383462458384968,9,labeled_only,estimation_pool,PneumoniaMNIST_infer
autokeras_3,ece,0.21894482417847028,0.1431847118034904,0.07576011237497987,9,labeled_only,estimation_pool,PneumoniaMNIST_infer
automl_vision_1,accuracy,0.95,0.9333333333333333,0.016666666666666607,9,labeled_only,estimation_pool,PneumoniaMNIST_infer
automl_vision_1,auc,1.0,0.9960818407012195,0.003918159298780477,9,labeled_only,estimation_pool,PneumoniaMNIST_infer
automl_vision_1,auprc,1.0,0.997466487627833,0.002533512372167035,9,labeled_only,estimation_pool,PneumoniaMNIST_infer
automl_vision_1,ece,0.09941176455467937,0.0877591043444616,0.011652660210217769,9,labeled_only,estimation_pool,PneumoniaMNIST_infer
automl_vision_2,accuracy,0.95,0.9476190476190476,0.0023809523809523725,9,labeled_only,estimation_pool,PneumoniaMNIST_infer
automl_vision_2,auc,1.0,0.9969512195121951,0.0030487804878048808,9,labeled_only,estimation_pool,PneumoniaMNIST_infer
automl_vision_2,auprc,1.0,0.9980358834577571,0.001964116542242933,9,labeled_only,estimation_pool,PneumoniaMNIST_infer
automl_vision_2,ece,0.054117646999657175,0.052801117404134235,0.0013165295955229403,9,labeled_only,estimation_pool,PneumoniaMNIST_infer
automl_vision_3,accuracy,1.0,0.9547619047619048,0.04523809523809519,9,labeled_only,estimation_pool,PneumoniaMNIST_infer
automl_vision_3,auc,1.0,0.9919969512195123,0.008003048780487743,9,labeled_only,estimation_pool,PneumoniaMNIST_infer
automl_vision_3,auprc,1.0,0.9933640318974277,0.006635968102572276,9,labeled_only,estimation_pool,PneumoniaMNIST_infer
automl_vision_3,ece,0.00862785072226969,0.03485506448801095,0.02622721376574126,9,labeled_only,estimation_pool,PneumoniaMNIST_infer
